age,gender,daily_social_hours,sleep_hours_avg,anxiety_score,happiness_score,screen_time_before_sleep,total_phone_usage_hours,stress_score,primary_platform,study_hours,work_hours,eye_strain_score,mood_score,exercise_minutes_per_week
13,Female,9.4,8.5,8.41,6.13,1.1,5.3,6.36,Reddit,1.1,7.5,1.72,4.62,29.3
30,Female,2.6 hrs,7,0,10,0.5,5.5,0.83,Reddit,3.7,7.6,2.29,7.47,71
40,Male,about 0.0,8.2,0,10,1.9,3.7,0,Twitter,2.7,8.2,1.86,7.43,66.1
52,Male,3.4,6,4.18,9.43,0.5 hr,1.4,2.81,Twitter,0.9,6.9,0,5,52.2
28,Male,1.2,,0,8.92,N/A,5.5,1.15,Instagram,2.1,9.8,1.32,5.9,115.3
36,Male,3.7,9.1,2.82,5.82,1.1,9.1,2.64,YouTube,3.8,8.2,4.64,3.18,199.8
64,Female,N/A,5.5,2.66,10,1.1,7.2,3.08,Facebook,3,7.1,4.08,5.93,170.5
59,Male,,7.9,3.59,8.75,1.2,4.2,1.81,Reddit,2,8.1,4.58,5.66,126.9
46,Female,7.5,8.1,3.47,7.85,1.2,6,6.09,Snapchat,3,7.7,2.1,5.88,13.4
26,Female,7.3,,4.82,5.32,1.3,11.6,5.19,WhatsApp,4.6,7.9,4.89,2.8,88.6
64,Male,0.9,7.9,0.77,7.83,0.4 hr,7.5,0.92,Instagram,2.8,8.7,3.3,4.08,29.1
50,Male,about 6.9,4.8,3.05,8.93,1.1,4.5,3.55,Snapchat,3.3,7.1,2.61,6.64,150.2
34,Male,0.0 hrs,7.2,2.53,5.32,1,4.1,0,Facebook,6.1,11.1,1.29,4.71,68.1
52,Female,N/A,8.3,1.12,10,1.1,5.2,0,Twitter,0.6,7.8,0.96,6.02,114.1
30,Male,about 5.2,,4.21,5.8,2.6,5.8,3.29,Instagram,2.7,5.7,2.71,3.27,86.3
59,Male,4.9,6.5,1.89,10,1.9,3.8,3.78,YouTube,3.9,5.9,1.76,6.08,118.2
20,Female,1.1,5.9,0,8.19,1,7.2,1.26,Reddit,4,10.9,2.66,5.59,88.4
40,Female,3.5,approx 8.7,0.88,10,0.4,7.5,3.98,Snapchat,5.7,9.5,4.45,5.43,54
39,Male,2.2,8.8,0,9.67,1.8,3.1,0.79,Twitter,3.4,8,1.48,5.01,110.6
17,Male,about 4.6,,3.36,10,2.2,7.3,5.37,Reddit,5.5,9.2,4.47,5.8,31.6
25,Female,2.4,approx 9.1,0,9.54,0.9,7.7,0.87,YouTube,0.2,8.9,4.53,4.87,115
31,Male,2.7,8.1,1.88,9.49,1.5,1.3,0.38,Instagram,2.5,5.8,0.5,5.06,181.2
63,Female,5.2,approx 7.1,0.31,10,2.1,4.6,3.26,YouTube,2.6,8.1,1.62,4.35,63
25,Male,2.4,7.2,2.44,6.37,0.6,5.8,1.95,Facebook,5.7,7.9,2.29,2.65,101.4
20,Female,0,5.8,0,10,1.3,10,0,WhatsApp,3,9.5,5.98,7.66,94.8
37,Male,9.2 hrs,5.3,6.57,10,1.3,4.9,5.55,WhatsApp,2.9,10.8,1.38,7.05,175.7
28,Female,3.2,6.1,4.24,6.84,0.8 hr,4.4,0,Facebook,4.1,7.7,2.21,3.99,135.4
13,Male,4.7,approx 5.6,2.46,10,1.2,6.2,2.85,Snapchat,5.9,9.7,2.41,4.77,120.7
60,Male,3.4,7.8,2.65,9.18,1.9,7.9,0.25,Instagram,3.8,7.9,3.72,4.98,51.5
32,Female,3.2,approx 7.7,4.38,7,1.1,2.3,3.74,Snapchat,0,8.1,1.47,5.13,167.3
36,Female,2.8,approx 5.9,1.22,9.45,1.6,6.8,2.91,Snapchat,2.4,5.7,4.26,5.22,0
24,Female,4.6,7.3,3.55,8.69,1.8,10.6,1.17,Snapchat,1.9,9.3,5.07,5.5,130.2
55,Male,0.0 hrs,6.3,0,8.64,2.2,9.8,0,Facebook,5,7.6,3.41,6.14,160.4
13,Female,about 3.6,7.6,2.95,9.47,1.1,1.5,2.22,WhatsApp,3.2,7.1,0,5.5,117.1
25,Female,about 4.7,unknown,3.99,8.24,N/A,6,2.11,Twitter,5.5,4,3.3,7.08,127.8
52,Male,3.2,6.6,3.45,7.95,1.6,5.1,2.98,WhatsApp,1.5,9.7,1.97,4.34,38.8
55,Female,0.6,8.4,0,7.79,2.2,3.3,0.78,Reddit,1.8,7.5,2.39,3.99,136.7
24,Female,4.6,7.2,3.56,6.37,0.9,7,2.98,Twitter,2.3,5.9,4.86,2.93,0
40,Male,,6.6,1.12,9.82,1,4,0,Facebook,0,8.6,0.52,6.95,110.5
47,Male,,unknown,1.26,8.67,0.4,4.8,0.38,Facebook,3.6,5.5,0.1,7.03,89.5
17,Male,0,,0.9,7.32,2.5,5.1,0.66,YouTube,3.6,9.6,1.29,2.85,42.5
44,Male,6.5,8.3,6.5,5.39,0.7,7.9,5.38,Facebook,4.4,8.4,3.47,4.15,130.9
26,Female,5.2,8.2,4.34,8.44,2.3,5.7,3.5,Twitter,3.3,6.7,2.58,7.17,57.5
61,Male,5.6 hrs,7.9,3.91,9.08,1.7,3.9,3.6,Reddit,3.1,4,3.31,5.74,76.5
28,Female,N/A,7,0.13,10,1.4,1.1,0,Snapchat,1.5,8.3,0,5.46,151.9
54,Male,4.8,6.6,2.51,5.53,1.5,9.1,4.46,Snapchat,5.2,7.1,6.31,3.42,52.8
46,Male,3.7,8.4,3.66,7.69,3.2,7,3.29,WhatsApp,3.7,5.1,1.86,4.4,201.1
43,Female,5.8,8.2,3.16,10,0.3,4.9,4.82,YouTube,2.7,5.6,1.57,6.12,223.1
46,Male,about 1.4,5.3,1.89,7.82,0.2,6.2,0,Snapchat,3,7.3,2.98,4.79,80.3
38,Other,0.4,8.5,0.21,10,1.4,3.8,0,YouTube,3.3,4.7,1.43,7.72,153.5
37,Male,3.6,approx 6.7,4.32,8.03,0.9,5.6,1.14,Snapchat,0,5.3,2.9,5.96,134.4
48,Female,4.4,,1.41,9.81,2.9 hr,8.4,3.04,Facebook,3.5,7.4,4.54,7.27,32.7
58,Female,N/A,8.7,3.77,9.1,2.0 hr,2.8,4.81,Facebook,3,7.7,1.56,4.81,64.1
18,Other,4.6,6.2,5.43,6.66,1.4,3.1,4.89,Instagram,4.2,5.7,1.45,3.14,144.3
22,Other,N/A,6.3,5.2,7.21,0.9,1.2,2.92,Twitter,3.3,7.8,0,3.27,77.7
26,Female,3.1,8.1,2.86,8.22,1.9,2.8,2.09,WhatsApp,5.4,6,0.1,5.17,51.7
36,Female,6.1 hrs,6.8,5.18,6.22,1.2,4.2,4.39,WhatsApp,2.9,7.5,1.05,2.44,23
56,Male,N/A,6.4,0.43,9.74,1,3.9,3.03,YouTube,2.9,8.4,2.66,5.86,0
40,Female,5.6,8.7,2.12,9.85,1.1,9.6,5.05,Facebook,1.3,7.9,5.73,5.46,58.2
27,Female,2.9,4.7,0,6.45,0.1,3,0.38,Facebook,4.2,7.5,1.14,2.99,0
52,Male,2.1,unknown,0,10,0,5.8,2.43,WhatsApp,3.5,9.6,3.2,5.99,109.6
25,Female,1.8,5.8,1.2,8.3,0.1,7.9,0.46,Reddit,3.4,7,4.39,5.34,146.9
58,Male,6.4,8,2.55,10,1.3,9.5,1.57,Facebook,1.5,8.6,4.71,6.74,54
46,Male,3.7,8.4,3.66,7.69,3.2,7,3.29,WhatsApp,3.7,5.1,1.86,4.4,201.1
59,Male,6.9,7.5,4.51,6.35,1.8,7.5,5.25,Instagram,4.4,7.2,4.81,1.6,143.4
55,Female,5.3 hrs,6.2,2.65,8.54,0,4.6,3.65,YouTube,5.8,6.7,2.89,5.42,101.6
17,Female,4.2,10.5,5.12,7.39,1.7,6,3.14,Reddit,4,7.2,2.27,3.26,144.4
62,Male,4.1,6,5.36,7.28,0,6.4,0,Twitter,4.8,11.1,4.84,2.06,143
39,Male,2.4,8.5,0.98,7.91,1.9,6.9,0,WhatsApp,4,6.7,2.99,5.24,190.1
17,Female,2.6,unknown,1.59,9.9,2,4.2,1.04,YouTube,0,8.7,3.08,6.93,216.1
57,Female,6,6.8,7.39,6.54,1.9,5.6,5.28,Facebook,3.9,8.8,3.73,2.15,143.3
33,Male,about 2.4,9.1,1.41,8.28,2.5,5.1,3.3,Reddit,3.8,7.1,1.18,3.93,118.4
14,Male,2.2,8.2,2.09,8.56,0.8,6.8,2.38,Snapchat,0,7.7,2.83,4.58,0
57,Female,2.7,6.4,0.75,8.91,3,4.5,1.55,YouTube,2.7,8.2,1.66,5.39,91.1
21,Male,5,,5.31,6.35,0.5,4.2,3.58,WhatsApp,2.8,7.4,1.56,3.56,166.2
48,Male,1.3,7.6,2.19,10,1.6,4.9,0.79,Facebook,1,4.1,3.39,6.04,113.9
47,Male,2.5,5.9,2.83,7.12,0.9 hr,5,2.2,WhatsApp,1.8,7.3,2.78,5,95.5
22,Female,about 7.2,6.7,3.79,4.06,1.5,5.8,6.34,Reddit,2.3,5.2,1.99,1.2,51.5
49,Female,1.8,9.4,1.85,8.69,0.2,7.6,1.96,YouTube,5.7,11.1,4.93,4.13,0
58,Male,4.7,6.5,2.59,8.08,0.7,3.9,3.37,Twitter,0.9,9.9,1.75,6.27,223.2
15,Male,3.1,6.9,1.19,10,0.9,8.1,3.27,Snapchat,0,9.5,3.01,4.9,164.5
54,Female,4.2,approx 6.9,1.21,9.6,1.2,7.2,1.6,Twitter,6.5,8.3,2.23,6.13,10.4
32,Female,3.4,7.2,2.38,9.61,1.3,3,3.86,WhatsApp,3.3,6.5,3.09,6.02,65.1
20,Male,3.3,5.7,1.06,9.52,0.8 hr,6.5,3.5,Facebook,4.5,9.9,1.93,6.51,75
49,Male,4.7 hrs,6.7,6.01,8.45,2.4,11,3.4,Twitter,1.8,8.4,6.13,2.57,33.1
52,Male,about 6.8,approx 8.9,3.56,6.36,1.8,7.1,4.69,Snapchat,1.7,7.4,3.83,3.4,173.9
60,Male,about 2.9,5.4,1.48,6.4,1.3,3,3.31,Twitter,0.6,10,0.87,2.86,40.4
42,Female,3,7.3,1.54,7.68,0.9,4.5,1.24,YouTube,1.8,7.9,3.71,6.24,84.1
27,Male,0.0 hrs,6.3,1.3,7.84,2.2,8.4,0,Snapchat,2,7.4,3.68,5.25,19
41,Female,1.3,5.1,0,10,1,3.7,0.82,Instagram,0,7.7,1.44,7.4,57
54,Male,6.9 hrs,9,7.19,10,2.6,6.3,6.1,Facebook,4,7.7,4.9,6.71,78.6
16,Female,7.5,6.1,3.06,9.84,2.2,6.2,5.23,YouTube,3.1,8.6,2.51,5.99,154.6
57,Female,2.7,6.4,0.75,8.91,3,4.5,1.55,YouTube,2.7,8.2,1.66,5.39,91.1
24,Male,7.2,6.9,5.21,8.05,2.2 hr,7.6,5.43,Twitter,3.7,7.5,3.9,3.94,277.1
41,Female,about 3.6,7.4,2.42,8.7,0.5 hr,6.1,3.42,YouTube,4.1,11,1.85,5.32,122.7
32,Female,0,7,0,10,0.9,1,2.3,YouTube,5.6,4.2,1.85,5.04,74.7
38,Female,4.8,approx 7.5,5.86,6.86,1.3,4.3,3.51,WhatsApp,5.4,7.9,0.51,4.64,141.5
56,Female,3.6,8.6,1.42,9,2.3,5.9,2.61,WhatsApp,1.5,10.1,3.24,7.82,103.2
34,Female,3.1,7.6,0.25,9.49,N/A,8.3,1.28,Instagram,4.4,5.3,4.17,5.88,92.9
27,Female,4.4,8.4,0.2,10,0.6,1,3.28,Facebook,5.1,7.7,0.73,5.31,53.3
43,Male,4.9 hrs,5.9,4.78,7.44,0.3,3.5,2.1,WhatsApp,0.6,8,3.08,3.88,132.8
60,Male,2.2,7.8,2.9,10,2.1,4.4,0,Reddit,1,10,1.74,6.19,138.4
22,Other,6.1,6.8,4.22,6.24,1.3,5,5.02,Facebook,6.4,7.7,2.21,3.07,122.1
51,Male,7.3,5,7.45,5.3,1.2,3.8,4.87,Instagram,3.5,8.9,1.81,3.98,70.6
34,Male,4.4,6.3,4.41,7.11,0,7.7,3.19,Reddit,5.2,10.5,2.52,5.86,235.3
49,Male,3.1,6.7,0.61,9.57,1.6,3,2.08,YouTube,6.8,8.3,1.89,4.86,64.9
21,Male,2.5,9.9,0,10,N/A,6.7,1.72,Twitter,3.3,8.7,1.94,6.23,168.2
54,Female,N/A,approx 7.5,3.02,10,1,3.8,0.93,Reddit,1.1,7.6,1.12,6.53,173.2
16,Male,3.6,6.5,3.02,10,1.0 hr,6.9,1.8,Facebook,2.6,7.2,3.22,5.53,196.2
15,Female,4.8,6.6,3.75,8.23,1,4,2.98,Reddit,1.9,7.6,1.39,4.12,76.1
38,Male,4.7,7.9,3.37,6.96,2.5,6.4,3.12,YouTube,0.4,8,3.26,4.19,22.2
48,Other,5.6 hrs,9.7,1.43,10,0.5,7,2.05,Instagram,5.2,8.5,5.55,6.9,29.2
34,Male,5.3,5.9,3.59,8.88,2,9.7,2.83,Instagram,2.4,7.6,4.34,6.58,73.3
52,Female,2.7,6.7,4.97,5.38,0.9,8,0,YouTube,2.3,5.5,4.45,2.59,108.6
21,Female,N/A,5.3,4.76,9.43,N/A,4.2,4.28,WhatsApp,1.2,9.4,1.03,7.36,107.5
22,Female,about 6.7,7.7,4.98,5.38,N/A,3.4,2.52,Snapchat,3.7,8.8,1.14,2.66,115.2
24,Female,4.8,6.4,5.29,5.79,0.2,5.3,0.62,WhatsApp,1.8,10.2,1.89,4.2,136.9
17,Female,6.2,5.4,5.49,6.8,1.4,8.1,3.46,Reddit,4.8,9.2,5.16,4.63,92.9
38,Female,3.4,6.8,5.32,5.96,1.3,7.2,0.92,Snapchat,3,9.2,4.81,3.48,112.9
38,Female,N/A,7.8,3.39,7.36,2.4,4.9,4.55,Instagram,2.4,9.1,2.23,3.47,123.6
13,Male,3.1,6.9,3.36,9.22,1.5,5.7,1.88,YouTube,0.2,11.6,3.38,7.03,50
47,Female,about 1.4,unknown,2.88,8.46,0.5,4.6,1.09,Reddit,1.7,9.4,2.52,4.83,112.5
47,Female,4.9,4.2,2.52,9.88,0.9,5.3,1.47,Instagram,4.1,6.5,1.19,7.21,80.8
39,Female,2.2,9,1.32,10,0,6.5,0,Facebook,3.6,8.9,4.55,6.1,77.1
29,Female,4.9,unknown,3,7.82,0,1,4.35,Facebook,5.5,10,0.09,5.43,96.8
49,Female,0,7.7,0,7.46,0.7,2.9,0,Twitter,2.1,9.9,2.32,6.08,16.9
41,Female,N/A,7.4,0.65,10,2.2,6,2.23,WhatsApp,1.6,8.4,3.07,6.81,110.4
61,Male,1.4,5.2,0,9.03,0.7,9.9,0,Instagram,3.2,8,4.29,5.61,213
13,Female,0,6.8,3.85,7.14,0.7,9.9,0,Twitter,5.9,7.5,4,5.11,64.4
59,Male,1.8,8,3.3,10,1.6,6.9,0.84,Facebook,2.8,7.9,2.97,5.65,87.9
52,Male,about 3.9,4.8,1.08,7,0.4,3,3.9,Reddit,2,8.3,2.02,1.1,115.3
50,Male,about 5.2,8.1,4.88,6.35,0.3,1,2.65,WhatsApp,6.6,7.3,0,0.04,180.7
25,Male,4.5 hrs,6.6,1.64,10,0.2,6.1,3.12,Reddit,5.2,12.3,4.57,6.43,99
53,Other,2.2,7.8,1.88,7.44,0.3,3.7,1.61,Twitter,3.7,9.2,2.19,5.58,109.9
48,Male,4.6,8.5,3.52,9.89,0.2,6.7,0.49,Snapchat,1.7,7.8,3.99,4.4,89.9
32,Female,6.0 hrs,approx 5.1,5.86,4.21,3.4,9.2,3.19,YouTube,0,7.3,4.26,2.41,203.9
37,Male,N/A,8,2.81,10,1.1 hr,6.6,1.74,Instagram,3.5,7.9,4.09,7.68,149.6
35,Female,3.2 hrs,6.9,2.92,6.58,N/A,4.3,2.38,Twitter,4.1,7.4,1.41,6.02,60.2
52,Male,0.7,6.7,0,8.28,2.2,4.2,0,Reddit,0,8.9,0.69,3.4,118.7
63,Female,0.6,8.1,0.45,10,1.9,5,0,WhatsApp,2,7.3,1.94,6.82,49.9
18,Other,1.9,5.2,1.34,6.28,1.5,8.5,0,Reddit,5.1,5.2,4.08,5.34,112.1
61,Female,4.7,6.2,5.01,8.41,1.5,5.6,0.27,Snapchat,0,8.4,1.92,6.31,211.3
37,Male,about 6.3,7.1,4.1,8.36,0,6.9,3.06,Instagram,4.8,7.8,3.46,5.67,120.5
16,Female,3.1,7.4,1.47,10,1.5,6.1,1.73,Reddit,1.9,7.7,3.97,6.97,124.1
24,Other,about 1.1,9.1,0.17,10,0.9,5.1,0,WhatsApp,0,8.4,2.62,6.87,112.3
20,Female,4.8,5,3.7,6.98,0.2,7.9,1.75,Instagram,0.3,10.8,2.75,4.46,122.1
29,Female,5.7,6.4,6.63,8.25,1.4 hr,7.7,4.38,Facebook,6,9.3,1.94,7.32,52.4
34,Male,1.6,,1.96,8.03,0.7,9.1,0,Reddit,5.4,5.9,5.89,3.87,0
14,Female,6.2,7.3,5.85,8.93,0.7,5.9,3.74,YouTube,2.3,7.7,2.97,5.49,45.1
58,Female,3.5,7,3.26,9.25,1.2,3.7,0.86,Snapchat,1.9,7.7,2.47,5.55,115.3
53,Female,1.6,7.5,3.38,7.73,1.3,6.4,0.54,Reddit,6.7,5.1,3.37,3.27,5.5
40,Female,,7.4,0.84,9.91,0.5,4.8,0.94,Snapchat,3.9,9.6,2.01,6.8,0
26,Female,,5.9,0.23,10,2.1,7.1,1.05,WhatsApp,5.2,8.5,3.54,6.96,74.7
58,Male,3.5,7.6,4.64,8.07,1.8,6.9,5.58,WhatsApp,6.8,8.6,2.7,5.03,0
62,Male,8.1,6.4,4.07,8.4,1.8,5.5,4.99,Reddit,4.1,6.7,3.1,6.7,28
51,Female,1.7,6.6,2.03,6.74,0.7,6.9,0,Facebook,4.6,7.7,4.65,4.46,0
31,Female,5.4,6.1,2.54,3.9,2.4,1.1,1.84,YouTube,2.2,8.2,0,1.88,189.2
19,Other,5.0 hrs,6.1,4.96,5.6,2.2,3,3.61,Reddit,0.5,9.1,2.28,3.13,127.4
50,Female,7.7,8.8,6.24,8.71,1.7,4.8,6.11,Reddit,0.8,6.6,2.69,4.83,23.9
28,Female,7,8.7,4.41,8.68,1.3,8.6,4.81,Facebook,5.9,8.5,5.1,5.06,64.3
13,Female,N/A,unknown,3.24,8.27,1.9,7.9,1.52,Facebook,5.2,7.5,2.73,4.99,136.8
63,Female,5.2,5,3.55,9.73,1.2,6.4,4.08,Reddit,1,7.9,2.85,6.7,142.2
48,Male,N/A,8.5,2.3,10,1.4,5,1.59,Instagram,1.2,5.2,0.36,5.73,81.1
13,Female,4.7,9.2,4.38,8.07,0.5,1.7,3.98,Twitter,6.4,7.8,1.2,4.95,176.9
43,Female,1.1 hrs,approx 6.3,0.64,7.47,1,3.3,0.19,Reddit,5,9.8,3.04,6.19,33.6
29,Male,7.7 hrs,6.5,3.46,10,1.4,3.5,5.68,Twitter,2.4,7.1,0.72,8.03,63.9
58,Male,2.4 hrs,9.6,1.88,9.26,1.6,1.9,2.03,Facebook,4.7,8.1,2.54,4.93,170.3
17,Male,0,approx 6.3,0.06,10,1.6,5.7,0.68,Snapchat,4.5,8.4,3.34,7.47,211.4
26,Male,7.1,5.3,5.34,6.77,0.2,3.1,3.33,WhatsApp,5.3,9.8,1.42,2.9,68.2
50,Female,4.1,9.1,2.95,8.11,0,3.1,4.87,WhatsApp,1.9,9,1.37,3.95,225.5
31,Female,N/A,approx 4.3,0.79,10,0.8,4.4,3.03,YouTube,0.1,6.8,2.34,5.7,116.2
29,Male,3.6,6.5,2.96,10,0.9,7.8,2.43,Facebook,1.9,8.8,2.91,6.49,129.6
64,Male,0.6,5.9,0.79,10,1.2 hr,8.1,2.08,WhatsApp,1.3,8.9,5.36,7.84,143.5
25,Female,2.4,5.9,0.2,10,0.8,1.1,0,YouTube,2.4,9.1,0,7.84,68.1
51,Female,5.6,6.9,4.36,10,0,5.6,4.03,Facebook,0.7,8.3,3.71,6.22,192.4
61,Male,3.4,9.3,2.28,9.31,0,5.8,0.19,YouTube,0,8.3,2.29,4.66,99
64,Female,0.8,5.7,2.05,8.15,0.1,4.4,0.62,Reddit,4.3,4.4,2.37,4.87,90.3
50,Female,4.3,7.6,0.51,9.83,1.6,1,3.31,Facebook,4.4,12.4,0.08,5.18,108.8
47,Male,about 0.9,6.6,0,10,1.4,4.5,1.49,WhatsApp,1.4,9.1,2.98,6.79,92.4
42,Female,3,7.3,1.54,7.68,0.9,4.5,1.24,YouTube,1.8,7.9,3.71,6.24,84.1
45,Female,1.5,7.6,4.97,4.68,1,9.1,1.21,WhatsApp,2.8,7.4,5.75,3.37,159.5
39,Female,4.6,7.4,0.42,10,2.1,4.2,2.79,Twitter,0,8.3,1.34,4.6,32.4
61,Male,2.7,5.5,1.3,9.32,2.5,3.8,1.6,Snapchat,7.1,7.4,2.46,4.74,89.2
52,Male,1.7,5,1.76,6.92,1.3,5.4,0.78,WhatsApp,5.9,8.5,4.8,3.13,157.6
44,Female,1.4,6,1.66,10,0.7,4.8,1.37,WhatsApp,2.2,6.6,1.66,5.01,102.5
46,Female,8.7,9.3,4.86,6.54,0.6,5.6,5.88,Snapchat,1.5,8.5,3.09,3.2,125.4
29,Female,3.2,6.5,0,10,2.2,9.5,1.68,Twitter,3,8,4.89,5.78,99.1
35,Male,3.5,8,3.7,7.99,0.8,5.7,1.65,Snapchat,4.5,7.1,1.16,4.03,130
21,Male,3,8.6,2.71,7.47,1.2,1,1.9,Twitter,3,7.8,0,3.8,109.1
15,Male,2.4,8,2.22,10,0.5,4.3,0,Instagram,1.8,6.4,1.44,5.06,63
19,Male,1.7,8.2,0,10,0.6,9.5,2.52,Snapchat,3.9,5.9,6.76,7.04,74.9
46,Male,5.7,approx 5.4,5.09,6.46,2.2,6.9,3.97,Facebook,3.7,6.6,4.46,5.01,82.9
32,Female,4,7.6,2.44,8.53,0.8,1,1.54,Reddit,2.4,7.4,0,3.51,86
60,Male,5.7,6.8,6.34,6.38,1.7,3.2,1.74,YouTube,3,10,1.28,3.82,141.8
45,Female,5.4,7.5,4.05,6.31,1.8,3.1,1.99,Twitter,3.6,8.3,2.41,2.87,35.4
55,Female,2.5,7,3.9,6.3,1.6,4.1,3.12,Reddit,5.9,8,1.73,4.07,93.8
59,Male,5,9.8,2.11,8.46,1.7,6,5.17,Snapchat,2.8,6.4,1.95,6.77,110.8
63,Male,3.4,approx 8.6,3.72,8.14,3.4,5.2,4.57,WhatsApp,6.3,7.6,1.06,5.37,0
27,Female,4.1,7.9,0.4,9.27,0.0 hr,5.8,5.04,Snapchat,3.4,7.9,2.05,4.76,194
33,Male,2.6,6,1.86,9.94,2.1,6.1,3.76,Facebook,2.9,7,2.18,5.77,58.5
59,Male,6.8,4.7,2.02,8.24,2.6,9.9,4.42,YouTube,4,7.6,5.33,4.3,15.9
52,Male,3.4,6.5,2.88,8.58,1.9,5.2,1.49,Reddit,0.6,9.5,2.47,4.47,150.3
22,Female,2.8,6.6,1.34,9.7,0.8,6.9,1.48,YouTube,5.3,6.4,3.1,5.73,76.5
55,Male,about 3.0,8.7,0.88,10,1,9.8,2.57,Snapchat,4.5,7.3,4.21,5.2,51.8
47,Male,about 1.6,5.8,1.48,10,1.5,7.5,0,WhatsApp,2.2,8.7,3.6,7.93,158.6
14,Male,6,6.5,3.78,9.22,1.7,5,7.17,Facebook,5.4,8,2.65,4.69,14.5
28,Male,4.4 hrs,unknown,2.82,8.43,0.5,5,3.66,Instagram,2.5,7.2,2.43,4.16,24.5
28,Male,5.5,approx 8.4,4.86,5.2,0,4.1,4.05,Instagram,5.4,7.2,0.5,2.61,106.2
27,Female,4.8,9.4,7.38,5.01,1.4,6.5,2.81,Reddit,7.4,10.8,3.78,2.57,121.4
38,Female,N/A,7.8,3.39,7.36,2.4,4.9,4.55,Instagram,2.4,9.1,2.23,3.47,123.6
32,Female,6,5.3,2.23,8.93,1.6,5.3,5.83,YouTube,3.7,9.7,4.12,2.31,153.4
29,Female,5.6,approx 4.7,4.53,9.01,1.5,4.6,3.78,Twitter,1.6,9.1,2.45,3.82,93.5
57,Male,4.3,8.7,2.38,8.12,0.9,4.6,4.62,Reddit,3.6,9.6,4.01,5.23,0
14,Female,4.6 hrs,9.3,2.95,9.02,1.7,6.9,3.28,Instagram,2.5,8.4,1.96,7.08,161.8
27,Male,6.7,6.7,4.99,7.04,0.0 hr,3.2,2.33,YouTube,4,8.1,0.42,5.19,33.9
51,Male,2.8,7.8,1.9,9.3,1.5,5.1,0.5,Instagram,2.9,10.3,3.67,6.01,37.5
34,Female,2,,0,10,0.2,3.3,0.9,Reddit,2.8,7.2,1.25,6.18,0
13,Female,8.4,7,4.16,8.52,1.2 hr,4.8,3.13,Facebook,6.4,10.8,0.92,2.78,213.9
27,Male,,5.9,1.76,8.75,0.8,3.7,3.38,Reddit,4.7,7.7,0,4.14,46
21,Male,about 0.9,7.4,1.81,9.18,0,7,0,YouTube,4.4,9.7,2.73,6.24,113.5
53,Female,2.9,6.2,0.65,10,2.3,2.6,3.94,Facebook,3.1,8.4,2.07,7.06,103.2
18,Male,4.6,approx 9.1,4.65,3.07,2.1,4.7,3.88,Snapchat,2.3,10.2,2.16,0.91,78.1
28,Female,4.9,approx 8.3,4.08,7,2.8,4.5,4.42,Facebook,5.1,7.3,2.35,2.83,141.8
29,Male,3.5,8.8,0,10,2.3,5.4,2.34,Facebook,6.2,7.3,2.75,4.38,169.7
25,Female,about 6.0,6,2.53,9.19,0.8,2.7,2.97,Twitter,5.3,9.6,0.99,7.3,126.5
62,Female,7.2,9.3,4.3,5.77,2.2,12.2,5.16,WhatsApp,1,8.6,4.41,3.65,142.6
52,Male,0.7,6.7,0,8.28,2.2,4.2,0,Reddit,0,8.9,0.69,3.4,118.7
32,Female,4.9,5.6,4.37,7.29,0.8,3.7,3.67,WhatsApp,3.9,7.9,2.1,4.74,104.6
49,Female,3.8,6.8,3.85,8.41,0.7,4,0.13,Instagram,5.2,8.2,1.75,5.11,249.9
18,Male,3.9,6.1,3.62,7.06,N/A,10.9,3.84,Facebook,0,9.3,5.25,4.49,181.7
27,Female,N/A,8.4,4.48,4.74,1.7,2.2,2.61,YouTube,3.7,6.9,0,3.03,170.8
23,Female,2.6,,2.91,8.44,0.5,2.4,2.92,Snapchat,6.1,6,0.66,3.86,92.7
52,Female,4.8,6.2,2.1,8.25,1,4.8,4.24,Reddit,3,6.4,2.13,6.13,57.5
62,Male,3.3,approx 6.0,3.4,6.48,2.2,4,2.96,Snapchat,7.1,8.3,1.38,3.55,195.8
62,Female,8.1,5,1.55,8.64,1.9,7.5,6.37,Instagram,1.5,10.7,2.19,6.51,121.6
54,Male,3.6,6.4,5.41,6.6,1.5,4.9,0.6,Reddit,2.4,9.8,2.38,3.37,62.4
44,Female,3.8,approx 4.2,4.54,7.62,0.7,8.2,0,Snapchat,0.5,10.1,4.41,5.15,70.7
22,Female,6.4,8,5.07,6.36,0.9,7.6,4.68,WhatsApp,2.4,9.5,4.1,3.04,205.6
55,Male,2.5,6.3,2.67,6.9,0,7.4,2.26,WhatsApp,2.8,7.9,4.4,6,137.5
26,Male,about 4.7,5.7,2.75,8.01,3.2,6.1,1.56,Instagram,2.8,11.2,3.55,3.59,111.3
42,Male,2.3,6.1,4.24,7.3,1.1,10.8,3.83,Reddit,7.4,9,5.35,5.16,144
61,Male,1.1,5.4,0.02,10,0.4,7,0.1,YouTube,1.9,8.4,4.22,7.6,115.8
35,Male,7.2,6.6,5.36,8.14,1,7.3,6.9,YouTube,3.9,7.3,3.31,6.41,108.3
13,Male,4.5,6.6,4.04,6.73,2.3,3.2,3.86,Twitter,5.3,8.6,2.59,3.63,121.7
55,Other,about 6.6,6,9.06,7.75,0.2,5.3,4.2,Twitter,4.6,5.8,3.66,4.41,108.1
29,Female,2.6,7.4,3.47,7.35,2,4.8,2.39,YouTube,6.5,7.9,1.28,5.5,156.9
39,Male,2.6,8.3,4.73,7.8,1.9,1,4.39,Snapchat,0.8,7.7,0.52,6.48,2.3
23,Female,about 5.4,6.1,3.22,8.09,0.9,3.6,5.11,Facebook,0.4,6.2,2.88,4.76,50.4
27,Male,3.6,unknown,1.12,10,0.8,5.9,3.75,Facebook,5.4,11.6,3.39,5.45,171.2
57,Male,5.2,6.6,3.85,8.99,2,3.1,3.19,Twitter,5.1,7.1,0.68,5.79,183
64,Female,3.2 hrs,8.1,3.89,8.8,2,3.9,3.28,Snapchat,5.1,10.3,2.61,7.28,43
37,Male,about 4.8,5.7,2.26,8.92,0.5,6.6,1.95,Facebook,1.5,7.5,3.17,5.71,83.9
24,Male,2.9,4.3,2.53,10,0.8,3.9,0.38,Reddit,0.8,7.7,0.96,4.6,226.1
64,Female,1.9,approx 8.7,1.39,6.85,1.7,7.3,2.87,WhatsApp,1.1,6.6,4.51,3.87,143.8
17,Male,3.8,approx 8.9,0.22,10,0,3.4,1.76,YouTube,3.9,7.6,3.51,6.71,137.8
47,Male,2,7.1,0.27,10,0.6 hr,5.6,1.1,Reddit,0.7,6.1,3.19,6.4,182.5
52,Female,N/A,7.7,2.13,8.31,1.7,7.3,2.56,Twitter,0.1,7.3,3.55,4.05,103.7
24,Female,2.9,unknown,0.68,9.09,2.6,9.7,4.14,Facebook,3.6,8.2,3.84,4.7,84.2
39,Male,4.9,approx 7.2,1.95,7.76,1.7,6.5,4.27,Instagram,1.1,6.3,3.48,4.72,149.7
24,Female,3.4,approx 6.7,2.75,5.86,0.6,5.7,2.74,Instagram,0,6.8,4.07,3.3,157.8
30,Female,5.1,7.4,5.11,4.48,0.4,1,5.08,Snapchat,1.2,8.9,0.24,3.37,94.3
15,Other,4.7,approx 9.6,0,7.59,3.1,9.6,0,YouTube,4.7,9.5,3.3,3.97,72.2
13,Male,0,5.3,0.82,9.51,0.9,5.1,0,YouTube,1.7,7.8,3.3,6.53,83.6
14,Male,1.8,6.3,2.03,6.82,1.6,2.7,0.99,WhatsApp,2.3,8.3,1.67,3.76,115.3
59,Male,2.3 hrs,,1.14,9.76,0.8,7.3,3.1,Snapchat,1.7,8.5,3.67,5.94,56.3
41,Female,6.9,5.5,3.5,7.17,0.4,4.3,5.53,Snapchat,5.9,10.7,2.32,4.3,79.2
45,Female,5,approx 5.4,4.67,10,0.5,4.2,3.37,WhatsApp,1.4,11.7,1.44,5.02,109.2
48,Female,3.2,5.9,1.97,7.54,1.6,1,1.04,YouTube,2.5,9.3,0,4.45,190.5
60,Female,,7.9,1.12,9.51,2.2,5.7,0.54,Twitter,3.5,10.7,4.79,5.65,111.4
13,Male,1.9 hrs,approx 9.0,0.49,9.32,0.1,9.6,0.08,Facebook,2.4,8.6,4.24,6.04,188.6
45,Male,2.9,,3.9,8.11,1.2,7.1,2.09,YouTube,3,7.9,2.72,5.18,67.4
35,Female,5.7,6.7,4.45,8.66,2,7.1,4.84,Facebook,3.5,7.9,2.25,4.78,0
26,Male,3.6,5.8,4.68,7.24,0.5 hr,9.5,1.85,Reddit,3.7,7.6,7.38,5.66,70.6
20,Female,5.8,7.6,2.76,8.61,0.2,7.4,5.03,Instagram,3.4,8.5,4.41,4.6,108.7
47,Female,2.7,6.8,1.49,8,0.9,10,1.2,Reddit,3.5,7.6,5.75,4.28,117.9
61,Other,4.3,8.8,2.8,8.73,0.7,8.5,4.93,WhatsApp,3.1,8.7,3.96,5.45,179.2
50,Female,5.7,3.1,4.92,6.72,1.6,6.1,2.32,Reddit,0,9.3,2.71,5.07,191.8
13,Female,5,4.9,3.06,8.49,0.7,7.1,2.78,Reddit,2,7,2.82,3.99,76.1
21,Male,N/A,9.1,0.65,9.14,2.1,9.7,0.24,Facebook,8.3,8.1,4.05,4.15,37.1
34,Male,3.6,6.4,3.29,9.83,1.9,2.7,0.57,Snapchat,0,8.5,3.34,6.49,74.1
55,Female,about 4.3,7.2,3.74,9.02,2.4,5.7,3.85,Reddit,3.4,4.2,5.75,6.01,106.1
36,Female,6.5,4.9,4.04,7.14,0.9,2.1,2.1,Twitter,0,9.6,0.71,3.22,82
27,Female,3.5 hrs,8.3,1.15,10,1,3.2,1.82,Facebook,0.5,8.3,2.12,5.31,249.5
36,Male,2.2,8,2.68,8.73,1.4,7.1,0.39,Instagram,5.1,9.9,2.63,3.86,126.8
41,Other,2.4,6.4,1.2,10,1.7,6.1,0.8,Instagram,0.8,9.1,3.98,6.3,57.6
32,Male,,approx 5.9,4.22,8.29,0.1,6.9,3.8,Facebook,1.6,10,3.99,6.01,11.7
58,Female,5.4,5.9,4.9,8.42,1.3,7.4,4.04,WhatsApp,4,8,3.91,4.6,73.3
24,Female,1.8,5.8,1.16,9.52,1.2,5.8,3.46,YouTube,1.3,4.7,3.35,5.59,33.3
32,Female,2.8,6.8,2.48,10,1,4.1,0.31,Twitter,3.9,7.7,3.08,6.75,76.6
31,Female,3.9,7.2,0.55,10,2.2,4.3,2.53,Facebook,0.9,9.9,0.86,6.64,204.3
21,Female,4.8,approx 5.4,3.64,8.99,0,2.3,1.81,Instagram,0.7,7.9,2.25,7.08,187.2
59,Other,2.4,6.1,2.19,8.24,1.5,2.6,1.55,Facebook,3,8.6,2.92,4.26,28.9
59,Female,7.3,8.2,6.37,6.37,1.9,8,4.26,Instagram,3.1,9.8,2.14,3.27,79.1
42,Female,6.3,8.5,4.5,6.45,2.2 hr,7.4,5.47,YouTube,7,5.5,3.41,3.22,114.3
22,Male,3.7,7.1,3.48,7.01,1.7,5.1,0.3,Facebook,1.6,5.8,2.97,2.8,138.1
21,Male,4.5,7.9,3.28,8.5,1.3,7.3,5.03,WhatsApp,2.8,9.3,2.69,2.63,120.8
61,Male,3.3,4.9,0.42,7.36,0.4 hr,8,0.76,Reddit,0.6,8.9,6.41,4.01,101.5
48,Female,3.9,7.3,1.32,10,N/A,4.7,1.5,Snapchat,2.5,7.9,0,6.8,168.8
45,Female,2.6,9.2,4,7.89,1.9,2.3,0.73,WhatsApp,6.3,6.1,1.01,4.36,194.6
37,Male,1.9,8.2,3.85,8.86,0.8,6.4,1.71,WhatsApp,1.2,9.1,3.54,6.32,92.5
53,Male,4.9,unknown,4.01,8.36,2,4.4,2.54,Twitter,6.4,5.4,1.56,4.51,143.5
46,Male,2.3,6.3,2.96,10,1.4,6.2,0.77,Twitter,2.4,9.9,0.97,6.24,74.4
48,Male,4.3,7.3,0.42,10,1.7,5.5,2.16,Reddit,6.5,8,1.84,5.8,204.5
62,Male,4.9,7.6,4.91,5.82,3.5 hr,8.1,2.99,YouTube,1.6,7.9,4.38,3.99,144.2
43,Male,5.6,6.6,3.28,7.74,1.2,2,0.72,Twitter,4.6,10.7,0.73,3.67,85.2
22,Female,N/A,5,0.55,9.52,1.5,6.4,2.25,Reddit,3.5,12.3,1.87,6.87,93.8
25,Male,1.4,5.6,0,10,0,6.3,2.17,YouTube,1,11.5,5.53,7.47,177
20,Male,3.8 hrs,6.3,3.48,7.46,1.2,8.1,4.31,YouTube,4.8,8,2.76,5.21,122
49,Female,about 3.4,8.9,4.1,8.02,0,8.8,3.08,YouTube,2.3,12,5.21,6.53,62
39,Female,8.6,8.2,5.08,6.07,0.1 hr,5.1,8.67,Instagram,4.5,9.5,2.57,5.84,107.7
37,Male,about 3.1,8.1,3.39,6.67,1.6,7.5,1.19,Snapchat,5.2,8.5,2.97,2.87,126.4
55,Male,4.7,4.4,1.33,8.98,2.4,5.1,1.09,Snapchat,6.3,7.6,1.8,7.44,130.2
45,Female,3.6,4.8,3.53,6.24,0.7,5.8,1.71,Twitter,2.2,8.4,2.95,3.49,48.4
30,Female,2,approx 6.4,1.28,10,2.1,7.6,2.57,Reddit,0.1,8,5.48,5.76,84
47,Female,3.6,8.7,2.85,9.33,2.4,7.3,1.72,WhatsApp,3,7.4,4.05,8.63,102.5
39,Female,4.2,8.6,3.86,7.82,0,7.4,2.42,Instagram,2.9,9.1,3.93,4.61,75.4
14,Male,0.4,8,0,10,3.6,8.7,0.13,WhatsApp,2.6,9.1,4.51,7.33,151.4
39,Male,3.2 hrs,5.3,1.99,10,2.1,6.9,2.92,YouTube,1,8.6,2.79,3.94,99.5
51,Male,4.7,approx 8.5,0.69,9.23,1.3 hr,5.1,3.77,Facebook,6.4,8.5,3.03,4.35,80.3
45,Male,4.4,8.9,3.05,7.3,1.2 hr,5.1,2.75,YouTube,4.5,7.8,2.37,4.5,0
62,Male,6.4,8.3,3.71,10,0.8,7.6,4.21,WhatsApp,1.7,7.7,0,5.77,88.3
61,Female,2,8.4,1.79,10,N/A,5.8,1.48,Twitter,3.5,8.5,2.83,5.32,122.3
21,Female,1.7,5.6,0.08,10,0.8,5,2.15,Snapchat,2.3,8.3,1.14,5.29,32
32,Female,about 3.8,7.8,2.41,7.47,0.8,5,1.85,Twitter,2.9,7.1,2.19,4.29,171.7
51,Female,7.8,8,6.58,8.67,1,3.7,6,Reddit,3.7,9.3,2.26,3.29,205.8
58,Male,5,7.2,5.06,9.3,0.1,2.5,3.77,YouTube,2.9,7,1.61,4.72,129.8
31,Female,N/A,approx 4.3,0.79,10,0.8,4.4,3.03,YouTube,0.1,6.8,2.34,5.7,116.2
38,Male,6.6,6.9,5.47,9.04,0.7,4.5,3.42,Facebook,4.3,10.7,4.65,7.55,97.9
64,Female,,8,5.85,6.49,2.3 hr,7,1.72,Facebook,8.5,9.8,3.49,4.45,53.3
17,Female,3.6,7,0,10,2.1,7.4,4.96,Reddit,0.5,9.7,3.48,6.36,79.8
41,Female,8.9 hrs,approx 7.0,4.37,6.63,0.7,9.9,2.7,Instagram,1.4,7,5.34,3.73,175.5
19,Male,5,8.3,2.42,10,1.9,1.1,2.44,YouTube,0,6,0,5.37,64.7
37,Male,3.2,7.7,1.79,10,1.4,7.6,3.2,WhatsApp,0.9,7.3,2.37,6.22,36.2
14,Other,2.5,6.4,0.84,6.97,1.9,5.8,3,Snapchat,5.2,7,2.19,3.77,177.7
30,Male,3.8,approx 8.6,2.72,6.89,1.1,1.9,2.55,Snapchat,4.9,4.5,0.61,4.18,91.4
47,Female,5.8,7.2,4.74,8.94,0.3,3.6,3.46,WhatsApp,2,8.7,2.16,6.65,73.7
33,Female,7.3,6.1,4.26,6.39,2.8,4.8,3.99,Twitter,3.4,9.7,2.96,3.59,0.2
61,Female,2,unknown,0.2,9.1,0.3,4.2,2.11,YouTube,3.7,7.2,0,3.75,17.3
34,Male,7,6.2,6,6.39,1.9,7.2,3.01,YouTube,1.9,6.6,4.08,1.61,223
34,Female,0.2,,0.76,10,1.5,7.3,0,WhatsApp,2.5,8.1,1.93,6.18,129.9
45,Female,1,6.4,2.48,8.93,2.8,7.3,0,Instagram,7.1,7.8,3.32,4.29,20.5
35,Female,7,approx 8.0,4.04,8.69,0.6,4,5.17,Twitter,3.3,8,1.49,6.16,146.5
50,Male,2.0 hrs,5.9,1.2,9.79,1.3,8.1,0,Facebook,3.7,8.1,4.83,6.28,94.8
23,Male,4.3,5.6,1.69,10,3,7.6,1.41,Reddit,3.5,5.5,4.32,4.9,162.2
36,Male,1.3,approx 7.8,0.64,9.04,1.2,4.3,1.1,Instagram,1.8,7.4,1.95,5.3,88.7
44,Male,2.9,6.2,1.36,8.12,1.2,7.9,2.63,Snapchat,3.2,10.6,5.7,5.17,86.9
36,Female,about 3.0,5.5,3.58,9.52,1.2 hr,6.6,4.08,Reddit,2.2,5.6,2.95,6.48,68.8
55,Male,3.7 hrs,4.7,2.5,9.01,1.8,3.5,4.65,Twitter,4.4,8.8,1.82,6.46,35.9
48,Female,5.1,8,0.14,10,0.5,7.2,2.43,YouTube,2.2,9.5,2.17,6.21,68.3
24,Female,6.5,8.2,5.22,7.25,1.5,6.4,3.94,Twitter,2.9,7.7,4.38,3.52,149.5
64,Female,5.1,7.7,4.98,7.41,1.9,2.5,4.22,Instagram,0.1,7,2.26,4.09,0
62,Female,about 5.2,7,4.22,7.96,N/A,6.2,2.67,Facebook,2,6.2,2.79,5.34,39.4
40,Male,about 5.8,10.1,6.77,7.55,1.1,1,3.93,YouTube,2.4,8.6,1.52,4.21,70.1
52,Other,0,approx 6.0,0,8.57,2.4,6.5,0.46,Instagram,7.1,5.8,1.64,5.7,98.3
38,Male,5.1,5.9,3.86,8.2,0.9,3.8,4.38,Snapchat,3.6,7.2,2.43,4.77,118.7
20,Female,1.5,approx 9.4,0.73,9.41,2.3,5.4,1.44,YouTube,1.7,8,3.03,5.82,93.5
37,Male,N/A,4.4,5.86,7.29,2.8,6.6,2.1,Facebook,1.3,8.4,2.57,3.79,77.2
29,Female,5.4,7.4,6.07,5.91,0.9,3.7,5.25,Facebook,1.5,8.1,0,2.34,117.4
18,Other,6.2,6.6,4.63,10,1.4,6.5,1.85,Twitter,4.6,10.6,2,5.75,127.9
35,Female,4.1,,4.31,8.38,0.0 hr,6.2,0.5,Facebook,3.9,8.6,3.53,6.5,121.2
48,Other,3.4,4.2,1.86,8.93,2.4,1,3.28,Twitter,0.1,9.7,0,3.18,149.8
26,Male,7,approx 9.5,3.19,8.04,0.4,6.5,2.76,Snapchat,5.4,6.3,2.66,5.84,131
46,Male,2.3,6.3,2.96,10,1.4,6.2,0.77,Twitter,2.4,9.9,0.97,6.24,74.4
27,Male,4.1,9.4,2.71,8,0.9,3.1,3.89,Reddit,4.2,8.5,1.53,5.6,238.9
35,Female,7.4,7.1,5.28,8.22,0,8.6,5.8,Twitter,2,13,4.33,5.56,106
16,Male,2.1,6,2,10,1.1,5.6,0,WhatsApp,0,5.9,3.06,7.93,181.2
61,Male,6.2,unknown,5.81,5.65,0.7,5.6,5.65,YouTube,3,8.1,3.02,3,118.1
64,Female,3.6,7.9,3.51,7.71,1.8,4.5,3.62,Twitter,3.2,9.4,0,6.85,97
64,Female,5.3,5.5,2.38,9.32,1.5 hr,3,3.75,WhatsApp,5.3,9.4,2.95,6.85,235.9
54,Female,4.1,7,3.5,9.48,0.6,6,5.69,WhatsApp,4.9,7.3,4.15,6.17,77.6
28,Male,4.1,6.5,0.95,10,1.9,3.2,3.11,YouTube,2.3,5.8,4.24,3.92,90.5
14,Other,2.5,6.4,0.84,6.97,1.9,5.8,3,Snapchat,5.2,7,2.19,3.77,177.7
29,Female,4.4,approx 6.8,5.03,6.08,1,1.9,1.15,Instagram,0.2,6.9,0.01,3.51,91
40,Female,7.1,6.1,2.88,6.25,1.4,5.1,5.91,Facebook,3.7,8.9,2.43,4.15,45.5
17,Male,6.6 hrs,6.5,3.56,9.58,1.5,6.3,3.56,Snapchat,1.5,7.2,3.63,5.77,13.9
26,Male,2.9,,4.3,8.62,2,6.4,2.76,YouTube,6.8,8.8,3.7,5.6,111.6
62,Female,3.9,7.4,3.76,8.96,0.8,4.8,2.8,Instagram,0,7,3.18,5.95,43.3
40,Female,7.5,8.7,6.57,8.21,0,5.9,6.24,Twitter,3.3,9,1.53,4.91,85.1
31,Other,2.4,8.6,4.65,8.5,N/A,5.7,2.1,Instagram,6.5,10.2,3.22,5.09,158.6
13,Female,1.3 hrs,5.8,1.5,6.88,1.7,7.3,1.72,Reddit,3.6,8.5,1.72,4.25,59.4
53,Male,,6.6,2.47,10,2.2 hr,10.9,2.84,YouTube,0,5.7,6.09,5.86,63.4
43,Male,4.7,,1.09,10,0.4,4.2,2.15,Reddit,3.1,8,1.88,5.51,160.4
61,Female,,7,6.95,7.52,1.2,7.2,4.69,Reddit,0.9,8.7,4.4,4.36,109.3
22,Female,2.4,7.2,1.49,10,1.1,2.1,0.9,Instagram,0,7.9,1.52,3.86,149.5
60,Female,3.1,7.5,4.61,10,0.4,6,3.6,WhatsApp,0.2,7.8,1.25,7.38,169.5
39,Female,0.4 hrs,6.7,0,9.16,N/A,3.1,0.31,Twitter,5,4,3.39,4.81,126.1
59,Male,5.3,5.5,4.97,7.96,2.2,4.9,2.6,Snapchat,2.4,7.8,3.97,6.63,46.8
30,Male,4.0 hrs,,4.05,8.44,1.0 hr,1.5,2.28,Reddit,3.7,6.9,1.17,5.42,60.4
33,Male,4.7,5.2,3.86,7.42,0.9,7.2,3.14,YouTube,3.4,6.4,3.31,4.19,38.8
45,Female,1.0 hrs,7.2,1.93,10,1.8,1,3.2,Facebook,4.9,6.4,0.38,4.94,179.5
37,Male,2.1,,1.85,5.5,1.1,7.8,1.01,Instagram,0,8.7,3.03,2.57,147.8
22,Female,4.9,7.2,3.8,6.48,1.2,3,4.32,Instagram,4.8,8.5,2.49,4.04,128.8
36,Female,about 2.0,,3.28,8.46,3.1,3.8,1.22,Snapchat,2.8,8.6,1.85,4.43,79.4
20,Female,0,6.3,0,9.85,0.4,8.5,2.5,Reddit,1.8,7.7,3.35,6.64,72.5
40,Male,4.8,6.8,5.06,8.68,0.3,1,2.53,Twitter,6.6,7.7,0.14,3.08,116.7
16,Female,4.1,6.6,4,7.56,0.9,9.5,2.86,Reddit,6.1,8.4,4.6,2.15,119.2
61,Female,3.6,7.4,2.54,7.98,2.1,5.5,1.56,Reddit,6.8,7.3,2.33,5.5,90.2
50,Female,4.1,7.6,4.04,9.45,2.1,5.2,2.03,YouTube,1.3,5.6,2.53,5.89,48.2
31,Other,3.2,approx 7.5,4.17,7.25,N/A,3.1,4.34,Reddit,3.3,7.6,2.91,3.91,100.9
43,Female,5.3,approx 5.5,3.64,8.05,1.4,3.9,4.11,WhatsApp,3.6,7.8,3.48,4.34,71.9
54,Female,1.9,6.8,2.64,9.18,1.8,4.6,0,WhatsApp,3.1,8.2,0.74,4.68,150.4
59,Male,5.3 hrs,8.5,4.16,8.73,0.4,3,0.97,Facebook,4.4,7,1.89,5.09,204.4
64,Male,3.5,7.2,0.85,10,0.5,8.6,2.2,Reddit,2.2,6.2,4.58,3.88,117.8
45,Male,4.8,6.8,2.58,6.29,0.4,1,4.16,WhatsApp,5.3,6.9,0,4.25,137.9
35,Male,2.9,8.1,2.7,9.82,1.5,3.8,3.1,Facebook,4.4,9.6,3.09,7.86,85.6
17,Female,5.5,approx 6.9,3.4,10,N/A,5.6,5.73,Facebook,3.2,8.8,3.74,5.63,58.7
17,Male,3.7,6.5,3.63,6.88,1.1,5,2.77,Facebook,1.4,10.1,1.89,5,113.9
30,Male,3.9 hrs,8.6,2.69,10,1.6,5.2,3.1,YouTube,2.5,8.6,3.75,5.37,6.7
20,Male,3.1,7.7,3.42,7.75,0.4,4.3,4.84,Snapchat,0.1,7,1.52,4.85,104.7
20,Female,3.6,8.1,3.5,8.8,2.6,6.7,3.25,Facebook,1.5,8.2,1.99,4.69,116.5
27,Female,1.4,8.4,0.48,8.27,2,5.8,1.49,YouTube,0.2,7.5,1.82,4.36,110
37,Male,3.3,7.7,3.19,9.78,1.5,6.4,1.48,YouTube,0,8.8,4.92,5.26,181.3
32,Other,3.1 hrs,5.9,2.61,10,0,8.5,1.31,Reddit,0,6.9,4.83,7.86,82.2
54,Female,4.3,,5.43,5.44,1,3.8,0.27,Instagram,8.3,6.7,3.83,2.35,25.1
30,Female,2.7,approx 7.2,1.94,7.81,1.5,4.8,0.61,Reddit,6.2,8.3,3.21,3.58,217.2
42,Female,4.3 hrs,6.2,3.58,7.75,1.3,13.8,3.3,WhatsApp,0.3,8.7,6.91,2.51,94
44,Male,2.8,6.2,4.33,4.75,1.4,4.9,1.19,Snapchat,3.1,5.5,3.67,4.04,155.4
18,Other,2.1,7.3,3.26,9.67,2.1,5.3,0.31,Facebook,4.2,8.5,3.16,5.63,167.6
46,Male,6,6.9,2.64,5.53,0,8.7,5.8,Facebook,4.6,8.4,2.6,2.78,102.1
24,Male,5.8,6.1,5.35,7.79,1.8,5.5,3.93,Snapchat,5,8.2,2.23,4.09,27.1
64,Female,5.5,5.4,2.21,7.22,1.9,7.8,4.67,Twitter,6.7,7.3,5.46,3.19,229.8
57,Female,8.2 hrs,6.4,5.04,6.89,3.5,9.1,7.19,Reddit,1.1,7.6,4.39,4.04,198.8
25,Other,3.7,7.2,2.89,7.67,0.9,4.3,0,Facebook,3.4,7.6,2.5,6.4,95.2
13,Female,3.7,7.3,3.21,9.69,1.2,1,4.51,Twitter,5.4,7.2,0.54,6.07,129.5
20,Female,3.7,8.9,0.85,9.31,1.9,2.8,3.2,Twitter,4.9,6.6,0.06,5.22,97.2
34,Female,6.8,approx 7.2,5.43,6.29,1.8 hr,5.3,4.59,Twitter,3,7.9,2.42,2.84,139.5
45,Female,5.8,8.6,4.29,7.48,2.8,4.5,3.7,Twitter,6.7,7.5,2.55,3.79,163.2
15,Female,6.5,7.7,2.53,8.44,1.6,9.4,5.67,WhatsApp,0.6,5.7,3.97,5.65,134.4
37,Female,5.8,approx 5.5,1.66,9.89,1.7,4.7,2.64,Twitter,3.9,7,1.53,5.92,52.9
37,Female,4.1,3.3,0,9.33,1.3,7.7,2.31,Facebook,0.3,7.8,5.7,5.79,85.6
53,Male,5,8.5,4.38,8.4,1.5,6.6,3.5,Twitter,0,7.9,3.64,6.65,192.5
35,Male,0,,2.71,8.62,1.4,6.9,2.54,Twitter,5.7,7.5,3.93,5.17,163.6
28,Male,N/A,approx 7.2,4.26,10,1.1,4.2,4.67,Facebook,1.9,8.6,1.34,4.41,152.9
30,Male,0.0 hrs,8.1,1.52,10,0.5,8.7,0.37,Reddit,4.9,9,4.72,6.53,138
13,Female,0.0 hrs,6.9,0.93,8.67,2.5,4.2,0,Reddit,4.6,10.1,0.76,5.43,164.9
48,Male,4.1,approx 5.0,3.12,10,3.1,4.8,1.08,Instagram,3.6,8,0.34,5.03,3.2
32,Male,2.2 hrs,6.9,0,10,1,4.1,0.61,Facebook,5,7.7,1.28,7.42,164.4
46,Female,4.7,6.2,3.89,8.85,2.3 hr,6.9,3.79,Reddit,0,7.8,3.06,6.36,106.1
51,Other,5,approx 9.0,3.71,5.85,1.7,6.6,5.97,Reddit,5.3,8.5,1.43,5.07,114.8
58,Female,3.5,7,3.26,9.25,1.2,3.7,0.86,Snapchat,1.9,7.7,2.47,5.55,115.3
46,Female,4.2,approx 7.5,1.81,10,2.1,5.4,3.43,Snapchat,3.2,8.1,1.66,7.36,128.7
62,Female,about 4.0,approx 7.1,2.2,8.3,0,6.8,0.53,YouTube,2.8,7.2,2.58,4.87,78.5
18,Male,2.2,7.3,3.15,6.94,1.5,9.3,0.86,Facebook,1.6,8.7,3.95,4.5,84.3
34,Male,4,6.1,1.44,9.71,1.6,7,4.11,WhatsApp,3.6,7.6,2.58,7.74,137.2
21,Male,1.4,9.5,0,10,1.6,3.4,0.76,Snapchat,0,8.2,1.46,8.21,135.6
36,Male,6.2,8.7,5.79,8.42,1.6,5.4,2,Twitter,4.3,10,3.61,4.58,95.6
60,Female,1.1,8.1,1.09,10,2,6,0,Facebook,4.3,9.4,1.3,7.12,152
59,Male,7.8,,4.99,4.27,0.9,7,7.76,Snapchat,5.7,5.8,1.79,3.76,119.4
43,Male,2.4,5.8,1.61,7.12,1,1.6,1.67,WhatsApp,3.5,6.9,0.02,4.55,154.3
14,Male,3.8,,4.29,7.62,1,6.3,4.24,WhatsApp,1.5,10.4,2.7,4.51,87.1
57,Female,3.2,4.9,3.46,7.13,0.4,7.3,0.59,Reddit,1,6.4,2.56,3.81,78.6
36,Other,3.6,8.6,3.93,9.24,1.1,9,3.64,Instagram,4.4,7.4,4.61,5.55,66.1
34,Female,0,6.2,0.09,9.33,2.7,8.6,0,YouTube,1.5,10.5,4.27,5.57,154.1
17,Male,4.5,6.5,3.11,8.78,0.8,7,3.63,WhatsApp,3.1,5.8,3.63,4.19,81.4
22,Female,N/A,approx 8.7,0.81,7.04,2.2,7.1,2.43,Instagram,2.5,7.4,2.63,4.89,87.1
17,Male,5,9.6,3.71,3.84,2.3,4.7,2.56,YouTube,4,8.7,2.63,1.63,49.2
19,Male,6.5,4.9,3.84,5.34,0.8 hr,9.6,4.46,Facebook,3.6,7.4,4.67,1.27,85.1
37,Male,7.4,7.1,4.84,9.88,0.7 hr,5,4.3,Facebook,3.4,8.4,1.21,8.5,173.1
62,Male,3.8,9.1,2.66,10,1.8,5.3,1.52,Facebook,3.9,10.5,5.47,7.02,69.4
36,Male,3.8,4.6,2.73,8.36,1.4,3.6,1.13,Instagram,6.1,7.2,0.9,7.07,129.2
40,Female,4.4,6.8,2.21,7.77,1.7,3.9,2.79,Facebook,4.2,8,0.83,3.59,85.5
16,Female,4.2,6.1,2.7,8.94,1.8,5.5,2.09,Snapchat,4,6.2,4.54,5.78,58.7
22,Female,2.9,5.6,0.68,10,0.9,3.7,2.59,YouTube,0,7.8,2.23,7.08,185
48,Female,7,6.7,5.04,7.54,0,7.6,4.11,WhatsApp,2.5,6.8,4.11,4.31,148
30,Female,6.4,unknown,3.37,8.96,1.5,4.2,2.52,WhatsApp,4.9,6.9,4.73,4.16,160.2
29,Female,0.9,5.6,0,10,1.8,5.1,1.4,YouTube,0.3,8.8,3.23,6.14,88.1
39,Female,5.1,7.7,3.59,9.76,0.3,8.3,4.37,Twitter,4.3,8,4.41,5.8,216.5
54,Male,2.6,5.8,1.05,10,0.1,9.5,2.1,Instagram,1.1,9.4,3.78,6.44,146.6
57,Male,2.7,6,2.2,7.86,1.5,6.6,3.76,Reddit,3.3,7.5,1.6,5.64,80.2
29,Male,2.9,7.4,3.46,8.34,0.4,3.7,2.89,Twitter,6,7.9,2.12,5.65,86.9
20,Female,5.8,7.1,2.62,5.87,0.6,4,2.4,Facebook,2,8.8,1.47,4.77,124.4
57,Female,3.1,7.2,2.41,8.15,0.4,2.8,1.92,Reddit,2.7,10.5,0.16,4.45,0
22,Female,4.1,8.6,5.77,8.15,0.5,4,3.65,WhatsApp,2.4,9.2,1.97,6.65,132
25,Male,5.4,6.9,3.2,7.33,1.8,7.4,2.45,Snapchat,0.6,8,2.3,3.88,163.2
17,Male,4.4,5.6,4.59,9.29,2,6.2,6.46,YouTube,0.8,7.5,2.59,5.82,192.1
23,Female,3.6,7,3.67,6.62,0.6,4.3,4.03,YouTube,3.3,7.2,1.47,4.19,104.8
15,Female,0.4,6.5,0,7.16,2.1,4.6,0.06,Facebook,3.6,9.7,1.69,4.77,62.2
57,Female,3.7 hrs,5.2,4.17,6.69,1.4,3.4,4.81,YouTube,0,5.4,1.53,4.99,189.2
42,Female,2.9,8.5,1.99,10,0.6,1.9,2.13,Instagram,3.6,7.8,0,6.33,61.9
52,Male,3.2,6.6,3.45,7.95,1.6,5.1,2.98,WhatsApp,1.5,9.7,1.97,4.34,38.8
29,Female,2.4,8,0,9.14,2,4.2,1.15,Instagram,1,8.7,1.5,5.17,0
32,Male,N/A,7.3,0.89,8.57,1.9,3.6,1.93,Instagram,6.6,10.5,1.23,6.71,105
50,Male,5,6.3,4.72,9.26,2,7,3.41,YouTube,2.3,9.3,3.8,5.49,83.6
43,Other,6.8 hrs,,2.89,9.82,1.3,4.1,3.3,Snapchat,1.9,12.8,3.52,4.85,95.8
36,Male,2.2,8,2.68,8.73,1.4,7.1,0.39,Instagram,5.1,9.9,2.63,3.86,126.8
26,Female,3.6,7.7,6.1,10,2.4,7.9,2.34,WhatsApp,2.5,8.8,4.23,6.13,85.2
44,Male,4.1 hrs,6.7,1.94,10,2.5,9.7,4.13,Twitter,2.2,10.5,6.3,5.67,118.9
21,Male,2.4,6.7,2.31,7.51,1.1,5,1.92,WhatsApp,2,9.4,4.81,4.86,186.5
63,Male,5,7.8,1.37,8.45,1.2,2.6,3.63,Facebook,2.8,5.6,0.02,5.94,98.7
34,Male,3.6 hrs,6.9,4.18,7.45,1.6,5.5,4.87,Reddit,3.5,8.1,1.12,4.45,120.2
30,Female,3.9 hrs,7.5,1.69,8.42,0.4,1.9,2.76,Instagram,1.1,9.4,1.09,5.87,138.9
45,Female,1.5,6.7,0.76,9.53,0.3,6,0,Facebook,4.2,9.2,3.26,5.79,42.2
38,Male,4.1 hrs,6.7,4.2,9.78,1.8,6.1,0,Snapchat,0.9,5.3,2.44,6.3,73.1
30,Male,2.5,4.9,0,9.92,2.3,11.6,3.48,Snapchat,3.4,7.8,7.4,5.93,139.5
28,Female,about 6.0,8,3.16,9.21,3.8,5.4,5.62,Snapchat,4.6,7.5,1.48,6.75,43
16,Female,about 4.4,8.1,2.73,7.27,1.6,6.9,3.08,WhatsApp,3.6,8,5.43,4.73,129.3
37,Male,5.3,6.9,1.88,7.77,0.8,6.1,3.78,Facebook,0.1,7.9,4.64,3.82,136.9
14,Female,5.6,approx 7.5,5.06,7.58,1.4,8.7,4.73,Reddit,1.5,10.7,5.37,4.69,70.5
14,Other,3.4,,3.37,8.25,1.2,9.2,0.3,YouTube,1.1,8.9,4.21,4.23,97.8
60,Male,1.5,7.1,1.46,10,2.9,9.8,3.06,Twitter,4.1,8.7,6.06,4.26,116.4
55,Female,4,6.6,3.74,9.44,2.6 hr,1,1.96,YouTube,5.5,7.3,0.05,4.71,141.1
15,Male,6.8 hrs,unknown,4.34,7.55,0.9,7.1,5.02,Facebook,4.1,7.6,4.03,3.52,7.8
28,Male,2.1,,1.8,7.91,0.3,3.6,0,Reddit,4.5,8.6,2,4.16,9.4
17,Female,4.5,6.9,3.99,8.06,1.1,2.5,2.13,WhatsApp,2.9,6.5,0.7,4.66,123.7
55,Female,0.0 hrs,5.3,0,10,1.3,1.4,0.13,WhatsApp,4.9,4.9,0,8.24,108.8
26,Female,1.8,7.5,1.63,7.41,1.7,4.2,1.31,YouTube,1.1,7.4,3.78,4.63,67.3
15,Male,,unknown,0.94,10,0.8,7.2,0.92,Snapchat,5.8,6.7,4.24,5.47,91.8
50,Male,3.3,6.4,2.49,7.01,1.8,9,2.69,Reddit,4.1,8.3,4.58,5.26,206
59,Female,2.5,6.6,3.58,9.69,N/A,4,0.91,Twitter,5,10.4,0.73,4.46,94.3
58,Male,5,7.2,5.06,9.3,0.1,2.5,3.77,YouTube,2.9,7,1.61,4.72,129.8
56,Female,4.8,5,3.79,7.27,1.6,3.2,3.63,Reddit,0,7.7,1.72,4.04,87.8
35,Male,5.2,7.4,5.33,6.72,N/A,4,2.81,Reddit,5.7,8.8,1.29,5.28,28.2
59,Male,3,7.6,5.07,7.45,1.8,4.9,1.36,YouTube,1,5.3,2.51,5.87,70
56,Male,3.3,4.8,6.01,6.99,0,7,1.24,Snapchat,4.2,7.7,4.57,3.07,0
39,Female,3.6 hrs,8.1,3.88,9.26,0,2.9,0.08,Instagram,3.6,6.4,1.9,5.19,79.9
52,Male,4.2 hrs,4.9,4.06,6.1,1.9,5.3,3.71,Reddit,6.1,5.6,1.96,3.49,48
38,Male,3.8,approx 5.6,1.43,10,1.3,2,2.81,Instagram,0,7.8,0,8.02,92.3
45,Female,1.0 hrs,7.2,1.93,10,1.8,1,3.2,Facebook,4.9,6.4,0.38,4.94,179.5
24,Male,8,6.9,4.42,6.28,0.5,6.3,2.94,Instagram,1.4,9,1.57,4.51,92.3
31,Female,about 4.7,4.9,3.6,10,2.3,3.7,2.59,Twitter,2.4,7.6,1.91,6.19,25.4
63,Female,4.8,7.2,3.17,10,0.4,5.6,1.8,Twitter,1.3,8.2,0.92,5.64,111.6
49,Female,8.9,7.3,6.6,7.87,1,3.9,6.01,Twitter,5,6.8,3.79,7.16,137
17,Female,2,5.9,3.96,7.98,0.9,5.6,1.56,Snapchat,0,6.6,2.26,4.68,0
23,Female,3.8 hrs,,0.71,9.94,1.8,6,3.19,Twitter,1.1,7.7,2.88,7.65,86.6
24,Male,,6.3,0.71,10,N/A,5.7,3.24,YouTube,4.3,8,2,6.46,170
25,Male,2.5,8.6,0.01,10,2.1,5.9,0.88,WhatsApp,3.2,4.1,4.3,5.55,149.2
54,Female,4.5,8,5.47,8.29,0.8,7.8,2.15,Instagram,6.3,10.7,4.05,5.89,179
26,Male,4.9,7.3,3.99,8.29,1.1,6.6,3.02,Snapchat,3.7,9.2,3.94,5.32,120.6
41,Male,2.5,approx 8.9,1.13,10,1.1,5.3,0.2,Instagram,5.9,8.7,2.61,8.02,56.8
42,Female,4.3 hrs,6.2,3.58,7.75,1.3,13.8,3.3,WhatsApp,0.3,8.7,6.91,2.51,94
58,Female,0.2 hrs,6.1,1.02,9.08,1.9,6.6,0,Instagram,5.7,5.5,3.22,5.08,113.1
62,Male,4,4.7,4.25,6.54,1.9,6,1.09,WhatsApp,4.4,7,1.84,5.18,21
34,Female,4.3,7.2,1.44,9.09,1.3 hr,1.9,1.61,Reddit,2.5,10.7,1.92,5.26,139
58,Female,1.9,approx 8.1,2.11,8.04,0.9,9.1,0,Instagram,4,8.8,4.75,6.14,219.9
26,Female,2.1,6.6,0.78,8.55,1.1,8.8,1.87,Snapchat,3.5,10.6,5.79,4.15,88.3
24,Female,3.7,7.4,3.31,8.59,1.5 hr,2,2.07,Twitter,4.3,8.1,1.65,3.62,137
62,Male,0.8,approx 4.7,1.1,9.53,2.3,2.2,0,Facebook,3.7,7.1,0.88,5.96,33.2
37,Female,2.7,7.2,2.55,10,1.3,5.2,0.22,Twitter,1.7,7.5,2.76,4.4,115.8
34,Male,,6.8,0.96,10,1.6,3.1,3.14,Facebook,3.2,6,1.85,5.52,113.6
54,Male,0,approx 6.0,0.2,10,1.7,8.5,0,Snapchat,3.4,6.7,7.42,6.71,119.8
41,Male,4.7,6.5,5.12,4.76,1,2.3,1.28,Twitter,3.9,6.9,0.53,4.02,75.3
41,Male,3.8,6.7,3.36,8.06,0.4,4.6,3.75,Facebook,0.8,8.9,2.92,5.18,145.6
45,Male,N/A,4.9,3.94,7.64,0.5,6.9,4.99,Instagram,1.9,6,3.21,5.37,11.3
50,Female,1.1,approx 7.1,2.2,8.22,0,5.7,0,Snapchat,2.6,7.5,3.83,6.66,32.5
30,Female,3.3,7.7,2.96,10,2.4,6.3,1.9,YouTube,2.2,11.2,5.15,7.03,14
47,Male,5.1,approx 7.8,1.51,7.39,0.7,4.3,2.81,WhatsApp,0,9.1,1.73,3.61,3.9
63,Female,4.0 hrs,approx 5.8,4.89,4.54,1.8,8.9,2.78,Facebook,4.5,9.7,4.55,3.14,74.8
39,Female,0.9,7.3,0.4,10,1.6,1,0.62,Facebook,3.8,6.5,2.45,5.88,146.9
61,Female,0.1,approx 9.5,0.02,10,1.5,3.6,0,Facebook,3.8,7.3,3.01,6.03,8.5
34,Male,5.4,approx 9.0,6.91,6.96,0.8,2.7,1.74,Reddit,2.5,6.7,1.15,3.92,94.7
13,Other,0.6,6.6,1.69,6.25,3,4.4,0,Instagram,1.5,7.6,1.91,4.65,19.4
23,Male,6.8,approx 6.2,6.78,6.77,1.2,2.4,4.15,Instagram,2.2,8.8,2.3,4.45,129.9
22,Female,0,8.8,0,6.67,0.5,2.1,0,Twitter,4,6.6,0.89,4.55,104.6
44,Male,2.9,6.2,1.36,8.12,1.2,7.9,2.63,Snapchat,3.2,10.6,5.7,5.17,86.9
53,Male,4,6.9,3.87,8.21,1.7,3.2,5.17,WhatsApp,5.7,9.6,1.28,4.05,184.3
56,Male,N/A,8.7,1.17,10,2.1,5,0,Facebook,3,6.9,3.21,6.76,49.3
31,Female,4,6.1,1.81,7.11,1.1,7.7,2.93,Snapchat,2.9,8.7,2.98,5.62,5.3
43,Male,3.4,9.4,3.46,7.42,1.6,8.9,1.54,Snapchat,4.8,5.6,3.22,5.02,96.8
50,Other,about 2.5,6.9,2.93,9.09,0.9,4.3,0.97,WhatsApp,5.1,7.2,2.09,7.47,99.5
57,Male,1.6,6.3,0,9.38,0.2,5.1,0.22,Instagram,1.9,7.2,2.39,6.85,152.9
45,Male,0.9,9.1,0.36,9.71,1.9,4.8,2.54,Snapchat,2,5.3,3.26,4.83,20.7
17,Male,4.8,8.9,4.16,6.51,0.8,10,1.37,Facebook,0,9.6,3.61,3.6,60.1
17,Male,3.5,approx 7.6,1.67,8.04,0.6,7.1,1.74,Facebook,2,7.9,4.2,5.07,103.1
34,Male,about 5.7,,3.8,5.48,2.5,1,4.83,Twitter,2.9,5.7,1.29,3.85,71.4
55,Female,5.6,7.1,3.83,9.97,0.5,6,2.98,Twitter,3.7,7.4,3.25,7.01,97.8
39,Male,4.3,8.1,3.23,8.32,0.2 hr,4.1,3.9,Snapchat,3,9,2.76,5.15,48.4
20,Female,5.7,7.3,6.15,5.62,1.2 hr,6.5,4.46,WhatsApp,4.1,10,4.72,3.02,67.7
44,Male,2.8,5.6,2.5,10,1.1,7.1,0.65,Twitter,2.5,8.8,3.43,5.38,115.9
61,Female,3.6,9.3,3.54,8.73,0.3,5.1,2.83,Snapchat,1.4,9,3.33,5.2,102.7
44,Male,2.8,6.2,4.33,4.75,1.4,4.9,1.19,Snapchat,3.1,5.5,3.67,4.04,155.4
27,Male,3.2,9.1,0.38,10,1.8,10.4,3.29,Instagram,0,8.3,5.6,4.69,52.8
23,Female,1.6,approx 6.3,0,7.97,1,4.3,3.5,WhatsApp,5.9,4.4,1.5,2.28,82.2
59,Male,5.7,5.2,2.39,8.23,0.8,2.6,5,Reddit,6,9.2,1.47,4,188.7
35,Male,3.8,7.2,1.62,7.64,1,8.9,3.17,YouTube,0.5,6.8,4.34,4.76,125
36,Female,6.8,9.3,3.7,6.8,1.5,5.6,5.24,Twitter,1.4,6,3.4,3.06,95.4
15,Other,0.8,6.2,0.49,9.07,3.1,5.9,1.21,Snapchat,4.2,7.3,3.05,2.67,51.9
23,Female,6.2,7.2,2.84,8.78,0.9,3.8,3.03,Snapchat,4,6.7,1.16,5.81,86.8
50,Male,4.8,8.8,6.89,6.54,N/A,9.3,4.3,Instagram,0.5,8.5,5.01,3.3,57.4
31,Female,2.8,3.4,1.46,10,N/A,6.7,0.46,Reddit,4.8,7,3.74,5.2,136.9
54,Female,5.4,approx 8.1,1.22,10,3,4,2.09,Snapchat,3.5,9.6,1.25,5.09,90.4
26,Female,1.8,7.5,1.63,7.41,1.7,4.2,1.31,YouTube,1.1,7.4,3.78,4.63,67.3
26,Female,7.3,,4.82,5.32,1.3,11.6,5.19,WhatsApp,4.6,7.9,4.89,2.8,88.6
53,Female,5,6.3,6.86,5.6,1.9,5.8,2.96,YouTube,4.1,7.8,3.52,3.33,224
61,Female,7.3,7.8,6.96,7.19,3,6.8,4.96,WhatsApp,4.5,8.4,3.58,3.7,183.8
23,Male,1,7.8,0.85,10,2,5.6,1.86,Twitter,1.2,9.4,2.98,6.26,81.5
57,Male,0.6,9.9,0,8.54,1.0 hr,7.4,0,Facebook,4.2,9.4,4.09,4.76,119.6
31,Male,2.4 hrs,7.6,1.97,9.73,1,7.7,2.78,Facebook,3.9,6.6,2.65,6.49,136.9
60,Female,about 4.6,7.1,4.51,7.79,0.9,7.7,2.52,Instagram,2.3,8.3,1.14,4.23,83.3
46,Female,4.7,6.2,3.89,8.85,2.3 hr,6.9,3.79,Reddit,0,7.8,3.06,6.36,106.1
18,Male,3.9 hrs,approx 8.2,2.5,8.65,1.4,3.4,4.31,Reddit,1.7,5.4,2.57,5.19,131.4
56,Female,4,8.3,4.26,6.48,0.0 hr,5.1,2.8,Instagram,0,8,3.71,5.71,170.1
42,Male,5,8.5,2.83,10,2.1,7.2,2.36,Reddit,1.1,11.6,3.2,6.74,86.7
62,Female,6,6.8,3.78,6.39,2.7,9.3,3.36,Snapchat,1.3,6.1,3.35,5.31,38.8
50,Female,2.2 hrs,7.1,2.21,9.76,1.5,2.7,1.77,YouTube,1.3,8,2.45,5.91,208.5
26,Male,3.2,6.9,3.36,7.51,1.3 hr,6.4,3.45,WhatsApp,3.3,8,5.09,2.74,63
64,Male,4.2,7,0.42,10,1.7,3.6,2.24,Instagram,3.6,7.7,3.22,6.86,150.3
31,Other,3.2,approx 7.5,4.17,7.25,N/A,3.1,4.34,Reddit,3.3,7.6,2.91,3.91,100.9
33,Male,4.7,5.2,3.86,7.42,0.9,7.2,3.14,YouTube,3.4,6.4,3.31,4.19,38.8
28,Male,4.7 hrs,5.7,1.25,9,N/A,6.3,3.93,Instagram,5.4,10.6,3.91,5.29,24.8
51,Male,1.8 hrs,5,2.44,8.71,1.8,4.8,1.12,YouTube,4.3,7.4,3.33,4.84,82
35,Female,7.8,8.9,7.03,7.5,1.4,9.9,3.97,Snapchat,2.9,6.4,4.94,4.59,86.6
16,Female,6.4,6.7,4.28,9.22,1.8,8.9,3.27,YouTube,5.4,5.6,2.82,4.83,191
57,Male,4.1,approx 6.4,4.46,5.6,1.9,7,1.75,Instagram,1.9,7.1,3.21,3.35,112.9
22,Female,1.9,6.1,0,10,1.4,5.3,0.59,Snapchat,0,7,1.83,6.53,132.7
26,Female,4.9,7.1,2.39,8.82,2,8.7,2.67,Facebook,4.5,8.9,4.56,5.61,77
38,Male,5.3,8.7,4.15,7.04,1.3 hr,6.9,3.52,Snapchat,3.5,6.3,2.65,6.09,153.4
20,Female,7,9.3,3.69,7.06,0.5,6,4.81,Twitter,5.3,8.8,1.87,3.71,26.8
59,Male,4.1,6.5,4.06,7.94,0.4,6.5,4.54,Snapchat,7,7.5,3.55,4.09,133.1
37,Male,4.3,5,1.99,10,2.9,7.5,3.85,Snapchat,0,6,3.07,5.11,87.4
33,Female,4,8.7,2.51,10,1.1 hr,5,0.01,Snapchat,0,4,3.23,6.65,10.4
39,Male,2.6,approx 7.3,1.74,9.34,0.5,6.6,3.22,YouTube,7.4,7.6,2.76,5.6,125.1
13,Female,4.9,4.9,4.44,7.96,2.9,5.5,4.24,Twitter,2.6,8.6,3.44,4.5,46.5
14,Male,N/A,7.6,1.62,9.37,1.7,2.3,2.48,Facebook,4.2,7.5,0.57,4.8,82.9
34,Female,6.1,approx 6.1,2.55,7.03,2.3,3.1,6.07,Reddit,1.8,5.6,2.57,4.76,129
24,Female,5.5,5.9,4.15,10,1.5,5.9,5.13,YouTube,3.4,8.5,2.78,5.01,238.8
53,Female,4.3,approx 5.6,1.5,9.4,N/A,1.7,2.88,Snapchat,3.2,8.6,0,3.66,140.2
31,Female,3.4,,2.09,9.74,0.7,7.2,3.02,WhatsApp,2.2,6.1,4.91,6.91,7.7
29,Female,7.3,8.8,5.01,6.86,1.2,6.6,6.02,Reddit,1.7,9.9,4.05,4.65,66.1
32,Male,,7,1.59,7.49,1.1 hr,3.4,3.58,Snapchat,3.7,8.4,0.56,5.73,174.8
50,Female,about 3.9,approx 5.7,1.52,10,0.6,5,0.73,Facebook,1.8,10.9,2.83,6.34,208
62,Male,6.1,8,4.29,5.9,1.4,11.8,5.12,Twitter,1.6,7.8,4.62,1.82,64.9
41,Female,6.9,5.5,3.5,7.17,0.4,4.3,5.53,Snapchat,5.9,10.7,2.32,4.3,79.2
13,Female,2.1,8.7,0.25,10,0.8,5.5,1.19,YouTube,4.6,7.4,2.87,6.01,180.8
32,Female,3.8,7,1.1,10,0.6,4.8,1.84,Instagram,2.6,9.6,2.06,4.92,0
35,Male,4,7.9,2.04,10,1.3,4.6,1.36,Twitter,3.3,8.1,1.49,5.36,105.2
18,Male,2.1,6.8,1.77,7.16,1.7,3.1,1.1,YouTube,4.2,10.7,3.02,4.23,68.4
32,Male,about 7.0,approx 5.3,5.44,6.76,2.2 hr,4.4,5.16,Instagram,2.3,7.8,3.55,4.73,86
50,Female,4.8 hrs,5.7,3.42,8.85,1.5,7.1,1.6,Snapchat,4.1,11.3,3.75,5.76,108.7
23,Female,3.0 hrs,approx 5.8,1.41,9.86,1.1 hr,6.7,4.18,Facebook,7.4,6.8,2.59,4.34,0
59,Female,about 2.8,7.3,2.05,7.12,1.9,6.2,1.37,Twitter,2.4,6.5,4.31,4.27,51.2
42,Male,1.2,7,1.59,7.72,1.3,6.9,0.4,YouTube,5.4,7.3,2.14,4.39,186.8
34,Female,5,5.5,4.02,10,2.3,3.5,5.22,Snapchat,4.2,9.6,1.66,5.25,148.2
33,Female,7.2,6.3,5.4,5.97,0.2,5.3,4.34,Instagram,3.2,7.3,2.94,1.59,17.4
42,Male,5.2,6.1,2.71,9.43,0,4.7,2.51,WhatsApp,1.6,8.3,3.91,5.4,44.7
28,Female,3.3 hrs,3.6,4.22,7.28,N/A,1.8,3.09,YouTube,1.7,7.5,0.36,5.92,100.3
45,Female,2.3,approx 5.5,0.8,10,1.3,1,0.29,WhatsApp,4.4,8.5,0.9,6.07,154.1
49,Male,4.3,7.5,1.83,10,1.2 hr,8.7,2.87,YouTube,2.9,5.2,5.51,5.78,88.2
40,Female,4.7 hrs,5.9,5,4.89,0.7,5.4,4.39,Facebook,5.8,8.1,1.24,1.95,25.8
63,Other,2.4,5.9,1.44,9.32,1.3,6.4,2.77,WhatsApp,0.3,8.6,3.95,6,66.9
59,Female,5.4,4.8,2.11,9.06,1.2,5.4,2.44,Facebook,3.4,4,4.63,7.73,0
62,Male,0,4.7,0,10,1,3.7,0.14,YouTube,5.9,8.3,1.44,5.71,81.7
43,Male,2.7,7.9,1.27,10,0.6,11.2,0.55,YouTube,0,8.8,4.95,6.13,45.9
39,Female,about 6.7,,6.08,6.27,1.2,3.7,4.74,Twitter,0,7.1,1.41,2.69,50.8
20,Male,4.7,9.7,1.49,10,2.3,9.1,0.79,Twitter,3.3,7.6,4.7,6.22,104.5
36,Male,2.6,8.8,1.95,7.56,0.9,3.8,1.41,Twitter,3.3,7.9,1.82,4.52,136
26,Male,5.1,7.5,4.26,6.34,1,4.1,3.05,Twitter,0,8.3,3.32,4.33,124.5
56,Male,4.4,7.4,3.35,6.22,1.4,4.7,3.52,WhatsApp,3.2,6.2,2.13,3.27,216.8
42,Male,2.8,8.2,1.9,10,1,2.8,0,Facebook,3.9,6,2.84,4.01,120.1
62,Male,3.7 hrs,7.5,1.82,8.12,1.9,2.3,0,Twitter,3.1,7.5,1.82,6.34,182
53,Female,4.2,6.5,3.77,9.4,0.4,3.3,1.41,Reddit,2.5,7.7,2.26,5.34,206.2
36,Male,2.4 hrs,6.2,4.86,7.07,0.2,7.3,3.25,Facebook,1,6.7,2.42,4,61.7
16,Female,2.7,5.4,0.1,8.32,1.6,5,3.06,Instagram,3.2,9.5,2.1,4.84,73.3
48,Male,N/A,,0,10,N/A,3.6,2.87,WhatsApp,3.5,7.9,0.48,6.57,0
26,Female,3.9,8,1.46,9.31,1.6,5.2,4.83,Twitter,3.5,7.7,5.07,6.72,64.5
52,Male,3.6,6.2,3.63,9.37,1.1,6.1,0.38,YouTube,4.6,6.7,2.93,4.85,175.4
57,Female,about 2.2,6.9,0.94,8.76,3.2 hr,4.5,1.7,Facebook,1,7,4.05,4.58,168.3
16,Female,2.7,5.4,2.96,10,0,6.2,0.85,Snapchat,3.7,5.6,3.99,5.12,83.8
32,Male,4.1,6.4,3.43,9.93,1.1,5.6,4.31,Reddit,5.5,8.3,2.99,3.92,140
13,Male,3.2 hrs,7.9,2.41,8.73,1.5,3.6,4.11,WhatsApp,1,6.2,3.48,3.05,73.6
13,Male,4,4.4,0.45,10,0.6,6.5,3.33,Reddit,1.5,6.4,4.2,5.24,0
57,Male,4.8,6.7,1.67,10,N/A,5,3.54,WhatsApp,0.9,7.9,2.45,7.19,53.5
23,Other,6.3,7.5,5.12,6.55,1.5 hr,5.7,4.66,Twitter,1.5,7.8,2.32,4.59,304.5
52,Female,7.1,5.9,7.63,6.01,1,12.3,5.83,WhatsApp,6.3,8.7,5.24,4.48,174
52,Male,1.7,8.2,2.05,6.98,3.1,6.1,0.85,Instagram,5,7.4,2.56,5.03,116.9
51,Male,3.8 hrs,7.2,3.61,6.85,1.6,7.8,2.05,Snapchat,3.7,10.3,3.88,2.76,150.3
21,Female,2.9,7.5,2.64,9.16,1.7 hr,6.9,3.05,Instagram,2.4,6.9,3.35,5.89,94.3
29,Female,4,6.9,2.45,10,0.2,5.3,2.71,YouTube,6.6,6.6,4.26,7.1,113
16,Male,6.1 hrs,5.7,6.87,8,N/A,6.2,4.85,Reddit,1.3,6.8,2.69,6.46,0
63,Female,2.9,,0.65,8.97,0.8,3,0.01,Facebook,5.3,8.1,4.21,5.09,170.3
30,Male,6.2,,2.09,9.33,1.2,2.4,3.85,Snapchat,4.5,10.3,0.69,3.53,111.6
16,Female,0,6.6,0,7.6,0.5,5,0,Instagram,3.4,5.5,2.53,5.19,184
51,Female,6.2,,3.89,6.21,1.1,6.9,3.22,Instagram,3,8.1,4.83,4.76,150.9
35,Female,4.7,8.7,2.41,7.17,3.2,7.4,1.65,Twitter,0,7.2,2.87,3.49,127.1
37,Female,0,6.7,0,10,1.6,5,0,Twitter,3.1,6.3,2.01,5.02,77
19,Female,3.9,5.8,1.29,9.5,1.6,7.3,2.61,Snapchat,6.7,7.6,4.16,5.82,96.1
22,Male,3.6,7.8,1.7,10,0.5,1.7,4.1,WhatsApp,4.2,6.7,0.43,7.65,50.3
40,Male,4.8,4.4,3.68,6.95,2.3,6.7,4.36,Twitter,4.2,8.4,2.59,1.85,117.8
25,Female,3.6,approx 8.4,2.72,9.82,N/A,4.8,2.5,Twitter,0,8.6,4.03,5.08,162.3
56,Male,4.6,5.3,2.26,10,1.5,8.5,3.28,YouTube,4,8.1,3.2,6.44,219.8
40,Female,6.5,7.5,6.97,5.54,1,1.5,4.46,Reddit,2.5,8.1,0,3.8,95
59,Female,0,8.5,0.93,10,1.8 hr,7.2,0.67,Snapchat,4.3,8.1,3.74,4.71,150.9
30,Male,6.2,approx 8.2,3.91,8.5,2.4 hr,8.3,5.63,YouTube,5.1,6.8,3.46,3.62,0
54,Male,3.4 hrs,6.7,3.07,8.92,0,6.2,0.72,Instagram,2.2,7.1,1.17,5.15,86.4
61,Male,4.5,8,4.25,7.18,1.0 hr,6.2,2.91,WhatsApp,2.7,5.5,2.42,6.29,0
64,Female,4.5,7.7,5.42,8.89,2.2,7.2,3.24,Reddit,3.8,7.6,2.92,7.27,129.7
37,Female,about 3.2,approx 8.1,2.35,8.98,N/A,9.9,0.42,Reddit,2.1,9.9,5.23,4.45,161.4
19,Other,3,6.2,2.73,10,0.8 hr,7.6,0.55,Reddit,2.4,8.7,2.77,7.23,126.5
44,Female,1.5,8.7,0.89,8.45,1.1,8.6,0,Reddit,1.6,8.2,3.26,4.83,103.2
41,Male,1.5 hrs,8,0.63,10,1.2,7.7,1.39,Instagram,6.1,9.7,2.54,3.94,65.7
30,Female,4.6,6.8,1.75,10,2,5.6,4.07,Instagram,5.6,6.5,3.42,6.4,181.5
37,Female,2.5,5,3.58,7.02,1.2 hr,1,0.82,Reddit,4.5,7.4,0,5.32,26.2
30,Male,about 2.5,8.2,0.08,10,1.8,4.1,2.84,Facebook,4,5.1,2.83,5.91,109.9
48,Male,about 4.8,approx 9.5,4.49,6.92,1.1,10.6,1.3,WhatsApp,2.6,8,4.22,3.01,67.3
30,Male,1.6,6.4,3.3,10,0.3,6.4,1.45,Facebook,1.4,5.7,2.41,5.31,173.3
48,Male,5,approx 6.7,3.44,8.3,0.4,3.7,3.56,Facebook,2.4,9.3,1.16,3.9,83
35,Male,2.4,7.1,1.28,7.16,1.7,6.6,0,Reddit,0.9,6.2,3.88,3.85,56.6
21,Male,5.1,7.9,4.82,6.65,N/A,4.4,2.63,Instagram,4.4,7.3,3.76,3.98,95.4
55,Male,about 3.9,,2.32,10,0.7 hr,10,3.5,Twitter,6,7.6,3.91,7.44,50.3
44,Female,about 1.8,approx 8.6,0,9.39,1.4,8,0,Snapchat,0.5,5.7,3.68,5.26,43.3
56,Female,1.2,6.6,0.83,8.31,1.5,1,0.58,YouTube,4.9,7.3,0,5.4,158.2
27,Female,N/A,6.7,2.5,7.45,1.1,5.9,2.32,Reddit,0.6,8,1.2,5.4,65.2
20,Female,4.5,,3.36,10,0.4,3.2,2.4,Snapchat,3.1,7.8,1.53,6.64,48.8
48,Male,1.1,unknown,0.03,10,1.7,10.6,0.2,Snapchat,8.7,7,3.9,6.22,110.8
60,Male,0.4,approx 7.1,1.82,10,1.6 hr,3.4,1.76,Reddit,3.4,8.6,1.6,4.94,181.2
50,Male,1.1,7.2,0,10,1.6 hr,7.8,0.59,Facebook,2.8,9.1,4.32,6.3,165.4
13,Male,5.7 hrs,6.8,5.59,7.06,2.4,8.9,3.92,Facebook,1.4,8.8,4.29,4.63,134
32,Male,1.7 hrs,8.2,1.83,9.95,1,5.7,0.56,Snapchat,5.4,8.3,4.43,5.5,65.8
24,Male,,6.9,1.73,9.24,1.9,6.8,3.78,YouTube,0.7,6.8,5.77,6.62,177.2
49,Female,1.4,approx 7.8,0.38,10,1.7,6.6,2.14,YouTube,0.5,6.3,2.82,6.44,50.7
37,Female,1.1,7.4,0.44,10,1.8,7.1,1.51,Facebook,2.4,8.6,1.08,6.83,80.1
27,Male,2.6,7.5,4.66,7.56,1.3,7,3.36,Facebook,2.9,6.2,2.27,3.64,136.6
36,Male,3.2,8.4,0.53,10,1.3,3.9,2.2,YouTube,5.7,7.3,1.08,7.46,156.4
28,Female,5.2,4.5,3.8,7.61,2.2,6.6,3.82,Snapchat,3.4,6.2,0,6.4,109.8
35,Male,3,6.2,0.68,7.36,0.2,4.9,2.35,Reddit,1.7,5.8,2.8,4.71,22.1
47,Male,1.6,approx 5.6,1.75,7.34,N/A,7,2.1,WhatsApp,0,7.8,2.89,4.57,82.8
19,Male,1.2,approx 7.2,0.76,9.82,2.3,8.2,1.37,Twitter,4.4,9.4,5.09,5.28,70.7
52,Female,N/A,6.3,0,10,0.9,4.5,0.72,Facebook,2.7,8.3,3.12,6.05,181.1
63,Female,,,3.19,7.33,1.8,3.6,3.24,Twitter,3.6,7.5,1.97,4.19,8.7
52,Female,7.4 hrs,6,6.96,6.5,1.4 hr,2.4,3.29,Reddit,3.1,5.4,2.17,3.89,182
43,Male,5.2,6.9,4.87,7.88,0.6,6.1,0.36,WhatsApp,0.7,10.2,3.26,3.46,98.5
41,Male,1.8,7.7,0.33,10,1.1,6.9,0.17,Twitter,2,7,4.75,6.08,135.7
51,Female,5,7.7,2.69,9.5,1.1,3.9,4.53,Reddit,7.7,9.2,0.25,4.83,189.6
48,Female,about 3.6,8.1,3.69,8.64,0.8,4.9,1.87,YouTube,7.6,6.8,2.93,4.75,36.5
30,Male,6.2 hrs,8.3,2.62,7.58,1.4,4.7,4.69,Instagram,2.4,6.6,2.3,4.9,89.7
15,Female,5.7,5.8,5.67,6.08,1.8,5.8,3.12,Twitter,2.4,7.1,2.94,3.91,167.9
22,Male,2.1,4.8,2.02,10,2.4,9.1,0.34,Reddit,3.7,9.5,5.74,7.73,135.5
16,Female,1.8,4.1,1.03,9.05,1.9,1.3,0.27,Facebook,4.1,8.3,0.28,5.27,119.2
42,Female,4.5,6.1,3.06,8.77,1.7,8,3.93,YouTube,6.5,8.4,4.16,5.86,131.4
15,Female,8.9,5.9,5.64,8.03,0.6 hr,2.8,6.39,Twitter,0,5.3,1.67,6.39,131.3
49,Male,5.6,7.2,3.44,8.99,0.4,7.9,3.95,WhatsApp,3.1,7.1,4.1,5.22,86.6
48,Female,1.5,6.3,0.49,8.96,1.1,10,0,WhatsApp,4.8,8.4,5.02,3.28,131.1
25,Male,1.3,7.8,0.21,9.09,2.0 hr,4.3,1.54,Twitter,3.3,6.4,4.15,3.99,0
50,Male,1.1,7.2,0,10,1.6 hr,7.8,0.59,Facebook,2.8,9.1,4.32,6.3,165.4
62,Male,,9.4,3.82,7.58,2.6,1.7,4.56,Twitter,4.6,7.9,1.05,3.93,35.1
35,Male,4.4 hrs,8.3,4.4,4.74,1.3,4.5,2.96,Facebook,5.1,7.3,2.82,3.22,161.4
31,Female,about 0.0,unknown,0,9.65,2.1,9.7,0,Snapchat,3.7,10.6,3.53,5.11,87.6
22,Male,6.6 hrs,4.9,5.18,9.94,1.2,8,2.64,Facebook,3,7.6,2.91,5.37,179.8
23,Female,2.9,5.3,0.43,8.76,1.9,7.4,2.93,Facebook,1.3,7.8,5.26,5.72,102.6
19,Other,about 5.3,7.7,7.39,7.35,N/A,2.8,2.29,Facebook,2.4,8.2,0.83,4.59,76.6
49,Male,1.6,8.5,3.18,6.49,0,7.8,0,WhatsApp,2,7.1,4.63,3.16,129.2
20,Female,5,7.2,6.55,6.7,0.4,6.1,2.74,Reddit,2.1,13.3,2.6,2.6,0
64,Female,6.3,6.4,3.82,6.71,2.2,1,5.7,YouTube,5.5,9.2,1.7,3.8,147.2
36,Female,about 3.0,5.5,3.58,9.52,1.2 hr,6.6,4.08,Reddit,2.2,5.6,2.95,6.48,68.8
34,Female,6.6,7.7,2.61,10,0.7,7.7,2.14,YouTube,3.8,6.7,4.37,8.88,48.8
57,Male,3.9,9,3.17,9.24,N/A,5.8,2.77,Instagram,5.6,8.6,3.35,5.39,44.1
54,Female,3.3,8.4,1.86,8.87,0.4,5.7,1.56,WhatsApp,3.1,8.2,2.49,5.58,80
57,Male,5.4,6.4,2.49,8.63,1.2 hr,1.1,5.15,Twitter,2.1,8.8,0.33,5.57,73.4
20,Male,0,5.4,0.37,9.24,0,5.2,0.81,Instagram,4.9,6.6,1.32,6.24,107.7
61,Female,N/A,approx 6.8,3.46,7.49,1.9 hr,6.2,1.4,Facebook,2.4,6.4,2.11,5.47,19.7
38,Female,2.2,6.1,0.74,6.73,0,2.4,1.99,YouTube,4.9,4.8,1.43,4.35,68.6
54,Male,2.9,8.6,3.27,9.69,1.8,5.6,2.3,Twitter,4,6.6,1.93,4.7,79.7
51,Female,2,,2.64,10,0.5,1.7,0,YouTube,3.7,8.8,2.09,3.53,59.5
48,Male,4.7,6.3,4.17,8.25,1.6,5.2,4.86,WhatsApp,6,5.3,1.58,5.27,151
34,Other,4.8,6.4,6.69,6.68,1.2,3.5,3.53,Reddit,5.7,4.7,2.89,3.66,64.2
14,Female,1.4,approx 7.3,1.21,9.67,2.5,7.2,2.63,WhatsApp,3.7,8.4,2.54,5.23,62.3
58,Male,3.6,6.6,3.85,9.58,2,4.5,1.87,Snapchat,3.7,9.4,3.37,4.58,32.8
26,Male,3.3,7,1.89,7.16,2.1,4.5,2.26,Facebook,0,10.3,2.74,5.75,142.5
39,Male,1.8,6,2.71,8.42,N/A,4.8,1.27,Snapchat,4,5.1,2.18,5.63,164.4
34,Male,3.8,6.3,0,10,1.0 hr,1,0.52,YouTube,3.6,7.9,1.07,8.09,67.7
28,Male,4.7 hrs,5.7,1.25,9,N/A,6.3,3.93,Instagram,5.4,10.6,3.91,5.29,24.8
32,Female,about 3.8,7.8,2.41,7.47,0.8,5,1.85,Twitter,2.9,7.1,2.19,4.29,171.7
48,Male,5.3,7.2,0.24,8.81,1.5,11.7,4.41,Instagram,1.8,8.7,4.84,6.4,186.4
49,Female,2.6,approx 7.4,1.84,9.63,2.3,7.1,2.21,YouTube,2.6,10.6,4.17,4.6,106
49,Female,0,5.7,0.51,9.51,0.0 hr,9.3,0,Instagram,3.4,6.6,4.05,6.27,192.4
16,Female,5.4,5.4,0.25,10,2.5,5.3,3.15,Reddit,2.7,9.6,2.23,7.69,63.1
21,Female,5.5,6.6,1.94,9.35,1.7,4.9,3.49,Instagram,5.4,6.8,3.35,4.74,79.5
45,Female,5.4,6.3,1.74,10,0.3,4,5.8,Reddit,3.7,8,1.39,6.86,167.7
40,Female,0,5.3,0.4,9.27,1.8,4.7,0.22,Facebook,3.6,8.6,1.45,6.2,86.5
55,Male,4.3,9.7,2.72,6.03,0.5,6.5,2.63,Reddit,7.7,7.9,3.2,2.87,69.5
39,Male,2.6,approx 7.3,1.74,9.34,0.5,6.6,3.22,YouTube,7.4,7.6,2.76,5.6,125.1
60,Female,0.1 hrs,approx 6.7,0.63,8.98,0.9,8.7,0,Instagram,5.7,7.6,4.68,4.78,179.5
59,Male,6.2 hrs,6.7,3.25,9.02,0.5,3,4.26,Instagram,4.1,9.9,1.71,6.32,92.8
40,Female,3.5 hrs,4.9,0.48,7.47,1.6,7.4,2.77,WhatsApp,2.7,7.1,3.31,4.38,50.4
30,Female,3.7,approx 8.4,1.17,7.72,2,6.6,3.2,Instagram,3.1,7.2,3.27,3.83,131.4
44,Female,1.3,,0.65,10,N/A,1.8,0.45,Reddit,2.6,10.4,0.69,6.37,171.4
17,Male,0.1 hrs,7.5,0,7.72,0,5,0,YouTube,3.3,10.6,4.3,3.4,153.3
41,Male,2.9,4.9,1.41,7.97,0.6,3.4,2.64,Snapchat,0.9,7.7,0.2,4.97,137.1
24,Other,0.2,6.1,1.45,7.69,2.1,2.1,0,Facebook,2.6,5.1,1.7,5.6,88.9
45,Male,4.2,unknown,3.35,8.93,0.8,5.2,2.93,Facebook,0.4,8.5,3.38,5.2,225.9
60,Female,3.9,8.5,1.32,7.27,1.1,1,2.15,YouTube,6.1,6.7,0.86,4.63,112.6
34,Female,3.1,7.6,0.25,9.49,N/A,8.3,1.28,Instagram,4.4,5.3,4.17,5.88,92.9
25,Male,4.4,7.7,1.77,9.63,2,5.1,2.36,Twitter,0,6.3,2.47,5.98,144.4
21,Male,1.4,8.9,2.37,10,0.4,4.1,1.79,Snapchat,0.6,7.8,1.55,5.62,51.1
55,Female,about 5.8,8,4.6,9.38,1.9,5.6,4.06,Snapchat,0.7,8.9,1.25,5.34,151.6
21,Male,4.3 hrs,7.9,5.01,7.25,1.7,2.7,3.48,Twitter,1.8,9.2,3.35,3.43,144.8
29,Female,7.3 hrs,approx 6.1,6.19,7.92,1.8,4,5.11,Reddit,3,9.4,2.96,5.2,131.9
59,Male,2.9,7.2,1.28,6.58,1.5,5.5,2.36,Twitter,1.6,8.6,2.55,3.45,141.8
63,Male,7.7 hrs,6.7,6.32,5.12,1.7,3,4.14,Instagram,2.8,9.7,0.5,3.53,47.9
19,Female,2.5 hrs,6.4,0.27,10,3.2,4.8,1.6,Reddit,6.2,7.9,2.45,6.37,131.1
34,Female,2.9,7,2.81,6.87,0,6.5,0.15,WhatsApp,4.3,9.6,2.51,4.52,0
36,Female,5.6,4.6,3.92,7.82,1.7,9.8,1.8,Twitter,6,7.9,2.43,5.54,77
48,Male,1.3,5.5,0,8.22,1.1,5.6,1.22,Facebook,0.8,5.3,2.07,4.9,68.1
24,Female,,5.3,5.17,6.24,1.3,6.7,0,Snapchat,1.6,10.2,5.24,2.11,161.8
41,Male,1.1,approx 6.9,3.37,6.18,1.1,5.2,1,YouTube,2.9,5.5,3.01,2.69,108.8
43,Male,4.7 hrs,8,4.09,8.7,2.1 hr,3.3,3.79,YouTube,2.8,8.4,0.58,4.07,103.2
28,Male,3.4,approx 5.2,1.62,6.76,2.5,6,4.85,Instagram,0.3,6.5,2.12,4.97,132
19,Male,4.6,6.9,5.67,4.01,1,7.4,5.17,WhatsApp,3.1,4.8,3.12,2.51,85.6
63,Male,about 0.9,6.9,1,9.14,1.3,6.3,0,YouTube,8.2,8.3,2.94,5.93,27.4
15,Female,,4.5,1.83,10,1.2,3.3,1.97,WhatsApp,8,10.4,1.94,4.29,163.6
36,Female,4.1,7.7,2.26,8.93,2.5,5.4,2.77,Twitter,6,4.8,4.01,4.66,0
34,Male,1.8 hrs,7.1,0.82,10,1.9,4.1,0.01,Instagram,4.8,6.7,0.27,5.06,37.3
64,Male,N/A,6.2,1.67,9.91,0.8,6.3,3.44,Twitter,4.3,8.1,2.29,5.16,61.4
36,Male,N/A,5.4,5.45,10,1.8,1,4.87,Twitter,2.3,9.2,0.63,6.72,86
39,Male,2.7,6.4,0.59,9.94,N/A,7.8,1.97,WhatsApp,4.9,7,4.37,5.59,64.9
33,Female,5.5,approx 8.6,4.82,7.63,0.9,2,0.57,Reddit,2.8,9.7,0,4.21,165.3
58,Male,1.6 hrs,approx 6.1,3.6,10,2.3,4.8,0,Instagram,6.3,8.3,3.67,6.32,146.9
48,Male,N/A,4.8,4.3,6.88,1.3,5.1,3.6,Reddit,0.3,6.7,4.22,4.3,0
17,Female,5.5,7.9,6.81,7.71,2.7,7.9,3.82,WhatsApp,3.9,5.4,3.92,5.47,109.6
45,Other,3.7,6.9,2.97,10,0.4 hr,5.4,2.78,YouTube,0,8.7,2.53,5.66,103.3
62,Male,about 4.6,6.9,2.93,9.62,1.9,4.7,2.83,Twitter,2.8,7.7,1.92,5.03,140.8
52,Male,1.2,7.9,0.94,7.92,1.9,5.7,1.07,Snapchat,3,9.5,3.33,4.62,156
40,Other,5.4,6.4,5.36,6.07,0.7,3.5,4.13,Instagram,0,8.9,0.81,3.57,158.8
14,Female,,6.1,1.42,9.91,2,8.9,0.68,WhatsApp,5.4,7.5,6.36,5.94,97.3
40,Male,9.9,6.2,9.47,7.23,2.2,6.5,5.7,Twitter,2.7,8.3,3.87,2.88,150.6
59,Female,4.6,6.4,2.93,9.75,2.7,6.8,2.66,Twitter,4.3,10.1,3.85,4.31,23.1
55,Female,4.4 hrs,6.4,5.23,8.36,1.1,2.5,3.38,Twitter,0.9,6.5,1.26,4.25,178.2
22,Male,1,9.1,0,10,0.1,6.2,1.11,Instagram,4.5,6,2.18,5.03,34.4
62,Male,2.8 hrs,6.8,0,9.26,0,4.8,3.07,Twitter,3.8,8.7,3.67,5.56,247.9
43,Male,6.1,6,4.9,6.28,1.1,6.6,2.58,Instagram,2.2,5.9,3.58,4.65,49.4
54,Female,4.4,5.3,4.11,7.4,0.4,6.5,2.96,Instagram,2.9,5.6,5.26,4.92,11.9
20,Female,1.8,approx 8.3,2.83,9.92,0.5,5.2,2.55,YouTube,2.1,7.7,2.56,6.68,0
24,Female,3.1 hrs,4.5,3.95,10,1,2.2,1.44,Instagram,3.5,10.3,0,4.87,105.8
18,Male,4.4,4.4,3.85,8.75,1.1,8.3,3.23,Instagram,3.9,7,5.45,5.42,99.6
28,Male,3.4,approx 5.2,1.62,6.76,2.5,6,4.85,Instagram,0.3,6.5,2.12,4.97,132
58,Male,5.6,7,4.49,10,1.8,4.2,4.26,Facebook,4.2,8.2,2.32,5.78,47.9
30,Male,5,7.3,2.91,8.39,2.7,6.3,3.32,Twitter,5.5,6.2,2.82,6.37,123.9
52,Female,N/A,7.7,2.13,8.31,1.7,7.3,2.56,Twitter,0.1,7.3,3.55,4.05,103.7
15,Male,4.6,6.7,6.95,8.02,2.4,5.4,2.51,Instagram,2.5,9.6,3.16,5.18,79.2
54,Male,4.7,5,3.79,8.62,1.2 hr,3.6,4.58,Twitter,1.8,10.5,1.67,6.72,196.1
62,Male,6.2,5.5,2.39,10,0,2.9,2.79,Facebook,3.2,7.1,1.23,6.21,192.6
42,Male,4.3 hrs,4.8,3.59,6.38,0.9,2.3,0.79,YouTube,0.3,9,1.28,4.04,146.6
45,Male,4.8,6.8,2.58,6.29,0.4,1,4.16,WhatsApp,5.3,6.9,0,4.25,137.9
37,Male,3.1,9.1,1.36,10,0.1,3.6,1.68,Facebook,3.2,7.2,1.61,5.47,19.4
36,Male,4.0 hrs,8.2,1.58,8.05,1.5,2.5,2.74,YouTube,2.5,7.6,1.35,5.21,132.3
54,Male,about 7.1,5,6.58,4.98,2,2.1,3.9,Twitter,0,7.9,2,3.48,105.9
43,Female,1.9,7.4,1.13,8.28,0.4,4.5,1.65,Instagram,6.3,7.4,1.94,4.79,53.9
44,Male,0.8,10.8,0.36,9.68,0.5,11.1,0,Reddit,5.7,10,7.81,4.83,66.3
18,Male,5,5.7,4.37,10,0.4,5.9,2.87,YouTube,2.8,9,3.28,7.85,54.5
31,Female,5.1,6.4,5.34,7.11,1.6,6.6,2.59,Instagram,3.5,8.1,3.51,3.07,41.4
54,Female,4.4,5.3,4.11,7.4,0.4,6.5,2.96,Instagram,2.9,5.6,5.26,4.92,11.9
42,Female,0,6.7,0,9.54,1.7,3.3,0.53,YouTube,3.5,8.2,0.16,6.8,170.5
35,Female,0.5,6.5,0.54,10,1.2,2.9,2.07,Twitter,6.1,7.2,1.23,7.3,46.4
49,Female,8.1,8.1,3.59,6.66,1.6,1,4.87,Instagram,5.1,6.3,0.77,4.78,51.4
14,Male,2.9,6.4,1.98,9.77,N/A,6,1.44,Snapchat,4.7,9.9,3.54,7.4,125.6
35,Female,3.5,7.3,4.43,7.6,1.7,7.3,3.72,Reddit,2.9,6.3,2.83,3.06,54.5
35,Male,1.2,7.9,0.91,8.38,1.2,3.1,1.79,Snapchat,3.1,6,1.19,5.15,53.2
60,Male,,6,2.95,8.11,2.3,2.5,1.02,Twitter,5.3,7.1,2.88,2.86,164.2
25,Female,2.3,,2.88,10,0.5,5,2.32,Facebook,1.6,7,1.48,4.48,143.2
17,Female,5,approx 8.0,4.12,8.86,2.2,7.9,1.85,Facebook,0.9,7.4,2.25,6.09,40.7
47,Female,about 3.5,,0.5,9.45,N/A,1.6,3.18,YouTube,3.1,8.4,2.28,5.43,10.7
58,Male,1.8 hrs,6.9,0,10,0.9,3.8,2.51,Snapchat,2.1,9.8,1.86,5.99,90.6
26,Female,3.8,approx 5.8,3.86,7.83,1.3,4.7,4.79,WhatsApp,4.8,6.1,3.16,3.87,141.3
25,Other,about 6.4,6.8,5.92,5.59,2.4,4.1,5.96,Reddit,2.3,6.3,0,4.42,179.7
60,Female,1.1,8.1,1.09,10,2,6,0,Facebook,4.3,9.4,1.3,7.12,152
30,Male,about 5.4,6,2.57,4.78,1.3,4,2.83,Instagram,5.2,7.1,0.44,4.31,40.5
17,Male,3.7,7.4,3.59,8.09,1,6.9,1.63,Twitter,2.3,7.8,2.44,4.73,0
28,Male,2.7,8.2,0.23,8.21,1.1,6,1.89,Reddit,5.7,6.9,3.7,4.25,0
17,Male,0,8.9,0,10,1,1,1.77,Facebook,1.9,8.3,2.12,6.5,66.2
22,Female,3.9,9,2.07,10,1.1,5.5,0.8,Facebook,6.5,6.1,3.09,5.41,94.9
18,Female,6.7,7.4,2.41,9.3,1.7,3.4,4.79,Snapchat,2.6,7.7,3.31,8.06,114.9
13,Male,2.6,7,0.81,10,0.3,5.3,1.14,Facebook,3.4,7,1.98,6.54,0.8
42,Female,2.6,6.6,0.69,9.06,1.6,4.7,2.75,WhatsApp,0,7.6,2.2,6.6,138.7
18,Male,4,9,4.75,6.17,0.9,4.5,2.59,Reddit,3,8.6,2.25,1.98,100.1
52,Male,0,6.4,0,10,1.6,6.7,1.76,Facebook,3.5,6.6,1.7,6.75,0
54,Male,about 7.1,5,6.58,4.98,2,2.1,3.9,Twitter,0,7.9,2,3.48,105.9
64,Female,1,8.2,0,9.27,1.2,1,2.78,Facebook,4.5,5.6,0.45,5.88,185.5
27,Female,3.7,5.2,2.57,10,0.5,4.8,2.24,Facebook,1.7,8.3,2.8,6.34,142.2
16,Female,8.1,6.5,5.07,8.82,1.4,3.5,6.98,Facebook,4.1,8.1,1.99,4.82,200
42,Female,7.4,8.1,6.8,6.92,1.9,6.9,4.96,YouTube,3.5,7.5,2.27,2.41,135.5
27,Female,6.5,7.2,4.48,7.39,0.1,5.7,4.79,Snapchat,0.5,8.6,3.24,5.19,163.4
37,Male,2.9,5.5,0,9.82,1.5,3.1,3.76,Snapchat,3.6,9.2,1,6.81,53.6
59,Male,3.3,6.3,0.99,8.55,0.7,5.9,1.03,Twitter,2.5,9.1,3.19,5.66,147.9
26,Male,5.1,approx 7.0,3.65,7.91,1.3,6.4,5.6,YouTube,5.8,7.5,3.5,2.95,174.2
18,Male,6,6,4.41,6.81,1.3,3.3,4.17,Twitter,2.1,7.6,3.27,4.75,92.6
51,Male,3,6.1,2.22,7.13,2.3 hr,3.2,0.62,Snapchat,3.6,7.8,1.98,4.97,93.1
39,Male,about 7.5,8,6.16,6.87,1.6,10.9,4.86,Reddit,3.6,8.9,5.7,3.6,32.6
15,Female,5.9 hrs,,3.59,5.69,0.1,6.9,6.1,YouTube,8.1,8.4,4.34,4.13,107.3
16,Male,2.1,6,2,10,1.1,5.6,0,WhatsApp,0,5.9,3.06,7.93,181.2
32,Female,3.4,,1.19,10,0.9,3.4,0.92,Reddit,5.6,8.1,0.63,6.92,127.3
13,Female,3.9,5.9,2.51,10,0.5,6.8,0.82,WhatsApp,3.7,8.8,3.55,3.53,77.7
56,Female,,6.7,0,10,1.7,4.5,0.59,Facebook,3.1,8.3,2.26,5.03,118.8
45,Male,4.2,approx 6.6,2.8,7.08,0.3,6.1,1.58,WhatsApp,4.6,6.5,2.81,4.27,99.3
31,Male,4.9,6.3,3.76,7.39,1.6,1,3.24,WhatsApp,1.1,8.7,1.1,2.68,37.1
29,Female,5.6,approx 4.7,4.53,9.01,1.5,4.6,3.78,Twitter,1.6,9.1,2.45,3.82,93.5
22,Male,3.3,6.2,0.85,8.11,1.1,8.4,1.18,Snapchat,2.6,6.8,4.54,5.9,123.5
22,Male,1.5,6.4,0.18,10,2.2,7.2,1.42,Twitter,6.1,5.6,5.21,6.33,154.9
61,Male,2,6,2.67,10,0.4,5.2,1.19,Reddit,5.1,6.5,1.82,5.22,89.1
32,Male,1.5,6.2,1.04,9.4,1.6,7.1,0.57,Facebook,2.3,7.4,2.75,5.04,139.3
40,Female,about 2.3,10.2,0.54,9.53,2.5,2,2.64,Facebook,2.1,6.8,0.23,7.49,71.9
62,Male,2.5,approx 6.2,1.81,7.86,2.4,8.3,1.4,Snapchat,3.8,8.4,3.63,5.21,111.4
35,Female,5.3,8.2,4.63,5.54,2.1,2.5,3.64,YouTube,4.8,7,1.48,4.95,174.2
32,Male,1.7,8.4,0,10,0,4.9,0.53,Snapchat,1.6,7.7,2.44,6.43,61.5
41,Other,5.4,7.7,3.11,9.23,0,8.2,6.11,Facebook,2.8,8.4,5.68,5.51,108.4
32,Female,0.9,5.5,3.04,9.19,N/A,7.1,1.45,YouTube,2,9,4.05,5.68,0
27,Female,3,7.3,2.32,10,0.2,8.1,0,WhatsApp,5,7.4,4.83,5.12,94.8
32,Female,4,7.6,2.44,8.53,0.8,1,1.54,Reddit,2.4,7.4,0,3.51,86
36,Female,1.2,,0.35,4.5,2,9.4,0,YouTube,3.1,7.7,4.85,5.43,103.7
53,Male,3.2,7.7,2.36,8.92,0.6,7.3,1.77,Facebook,3.6,7.8,5.09,6.17,43.9
63,Male,N/A,7.3,3.13,6.81,2.1,1.7,1.38,Facebook,4.3,7.8,0.43,4.62,15.1
16,Male,4.9,6.8,4.03,8.74,1.8,3.4,2.61,WhatsApp,3.8,7.3,2.66,6.44,0
56,Male,1.4,7.1,0.54,9.11,2,8.2,0,Reddit,3.6,6.7,4.32,6.52,123.3
36,Female,7.6,5.7,4.97,9.98,1.6,7.7,6.84,WhatsApp,0,7.6,2.36,5.66,153.1
29,Female,4.5,5.7,1.43,7.83,1.7,6.4,2.53,Instagram,1.6,12.9,4.7,3.12,62.2
16,Female,2,approx 6.7,2.41,7.06,1,11.1,1.2,Instagram,3.5,7.4,4.78,5.13,46
23,Male,2,approx 6.7,2.67,8.89,0.2,6.8,2.68,WhatsApp,5.2,6.2,3.62,6.45,156.1
47,Male,2.7,7,0.86,8.85,1.3,6.2,3.27,Instagram,0,8.6,1.86,5.63,123.8
41,Male,4.5,approx 6.2,0.22,9.3,0,4.6,5.21,YouTube,2.6,5.2,1.21,5.91,163.2
39,Male,2.7,7.4,1.01,8.34,1.3,4.1,1.14,Reddit,2.2,6.4,3.02,4.2,155
27,Male,0.0 hrs,6.3,1.3,7.84,2.2,8.4,0,Snapchat,2,7.4,3.68,5.25,19
35,Female,2.5,9,0,10,1,5.1,1.99,Reddit,3.5,9.5,3.53,7.21,125.6
32,Male,5.7,7,2.7,10,1.3,2.5,3.96,WhatsApp,4.9,6.5,0.33,6.86,121.9
16,Male,4.2,6.9,5.34,4.02,2.6,4,4.76,Instagram,0.7,7.7,1.81,3.2,135.9
37,Male,2.2,8.4,2.69,10,2.9,2.6,2.28,YouTube,5,5.5,0,6.41,23.8
33,Female,1.4,4.6,1.36,9.43,0.5,5.4,2.56,YouTube,4.5,8.9,3.17,6.34,130.8
39,Male,about 7.4,5.1,5.52,7.77,3.1,1.5,6.53,Facebook,2.6,10.6,0,4.89,119.4
15,Female,6.3,7.4,4.1,7.47,1.5,3.6,0.49,Facebook,4,8.9,0.6,6.74,61.7
60,Female,7.5,6.9,5.72,4.82,0,6.9,4.57,Reddit,5.1,10.6,1.32,3.99,117.4
27,Female,8,6.4,3.91,6.3,2.2,7.1,3.19,YouTube,1,8.4,4.5,5.23,130.3
31,Female,0.9,6.7,0,10,0.6,6.8,0,Snapchat,4,7.2,4.82,5.25,25.5
46,Male,4.6,8.1,0.74,9.79,2.1,6.7,1.25,YouTube,4.5,10.3,2.18,6.31,133.3
33,Female,4,approx 6.9,1.12,10,1.9,7.2,1.44,Facebook,3.6,8.9,5.94,3.91,10.8
34,Male,4.6,8.4,1.44,8.52,0.3,3,6.02,Instagram,6.6,7.4,1.66,5.75,143.5
49,Female,N/A,approx 7.3,6.15,7.67,0.6,8.6,4.8,Twitter,6.2,6.1,2.64,4.87,66.3
62,Female,2.6,7.7,2.6,10,1,6.6,3.43,Facebook,4.8,9.6,1.66,7.48,111.2
36,Male,3.6,8.1,0.48,9.29,1.2,8.3,1.5,Snapchat,2.2,8.7,4.78,5.32,146.5
64,Male,N/A,6.2,1.67,9.91,0.8,6.3,3.44,Twitter,4.3,8.1,2.29,5.16,61.4
17,Female,2.3,5.4,2.35,7.34,0.5,1.9,1.79,Instagram,4.7,8.7,3.09,5.52,116.9
17,Male,6.6,7.1,4.25,8.66,1.1,6.3,4,Instagram,4.9,12.2,2.73,4.12,93.8
42,Male,3.4,approx 5.1,3.23,8.76,2.4,5.7,4.87,Snapchat,5,6.1,1.39,4.83,106.5
39,Male,about 0.8,9.5,2.14,10,2.1,4.8,0.25,WhatsApp,2.6,10.3,2.37,5.1,182.6
22,Female,5.2,7,4.69,6.11,1.9,3.5,3.68,YouTube,1.1,7.6,1.65,3.6,90.4
58,Male,N/A,9,0,9.15,1.2,6,1.77,Instagram,1.5,6.8,3.16,5.9,123.7
60,Male,4.1,6.9,3.65,10,0.4,6.6,2.35,WhatsApp,3.6,5.9,2.87,7.31,80.8
16,Male,3.6,6.5,3.02,10,1.0 hr,6.9,1.8,Facebook,2.6,7.2,3.22,5.53,196.2
51,Female,about 1.2,6.7,0.8,10,1.6,5.1,0.54,Reddit,4.1,5.9,2.02,5.28,73
20,Female,3.2 hrs,6.9,2.93,6.02,0.6,6.2,2.46,Instagram,2.8,7.1,2,2.94,90.2
18,Female,3.6,7.2,2.96,9.71,1.8,5.8,2.32,Twitter,3.9,10.1,5.3,5.56,0
32,Female,3.4,6.7,3.37,7.65,2.1,9.1,1.13,Facebook,6,6.9,2.24,4.47,115.3
22,Female,6.3,4.2,1.34,10,1.2 hr,7.2,5.28,Twitter,4.1,8.4,4.1,5.22,31.8
45,Male,8.6,6.4,4.63,6.89,N/A,3.4,5.71,Instagram,0.7,7.7,2.15,4.57,57.6
28,Female,4.6,approx 8.2,4.84,8.99,1.9,8.4,4.28,Reddit,2.8,7.3,3.45,5.51,133
51,Male,7.5,8.7,5.8,7.66,1.9,4.2,4.16,Instagram,2,8.4,2.22,5.74,62.5
49,Female,4.6,6,1.92,7.43,0,8.2,3.71,YouTube,0.6,8.4,3.02,4.47,100.1
45,Male,3.3,6.9,2.34,10,0.9,6.9,0.77,YouTube,0,9,1.98,4.62,202.6
22,Male,5.4,7.2,2.77,6.1,0.4,7.8,3.29,Facebook,2.7,7.7,4.67,2.02,133.1
20,Male,0,5.4,0.37,9.24,0,5.2,0.81,Instagram,4.9,6.6,1.32,6.24,107.7
43,Female,6.5,4.8,0.93,7.73,2.1,3.1,2.37,YouTube,4.2,9.7,0.32,3.47,16.5
25,Male,5.8,7.6,1.25,9.39,1.7,3.6,3.46,Snapchat,4.3,4.3,0.8,4.33,40.5
14,Other,8.1,approx 8.2,5.74,6.9,2.7,3.7,4.52,Reddit,3,7.1,3.35,4.26,90.6
61,Male,3.6 hrs,approx 8.8,3.11,9,2.3,7.2,3.57,Instagram,4.8,6.9,3.09,5.95,92.4
46,Female,1.9,8.9,0.6,10,1,3.9,0,Reddit,2,8.1,3.01,6.12,156.9
34,Female,6.6,7.5,3.33,6.45,1.3,5.3,6.87,Facebook,5.2,6.7,4.31,4.36,43.5
23,Female,4.5,6.6,1.12,10,1.1,6,1.31,Instagram,2.8,10.4,4.35,6.17,192.6
23,Male,0.7,,0,10,2,5.6,1.32,Instagram,1.9,6.4,4.32,6.19,137
56,Female,5.2,9,3.99,6.96,0.2,6.3,3.66,WhatsApp,3.4,9.2,1.53,4.37,52.9
55,Male,3.8,,1.68,8.66,1.8,4.7,3.32,Twitter,2.4,9.3,3.62,4.71,50.6
55,Male,1.7,6.7,0,9.46,1.4,8.5,0.45,Instagram,1.2,9.1,4.45,5.18,127.4
48,Female,4.4,8.2,4.03,8.76,1.9,5.5,2.16,Facebook,1.8,8.2,2.76,4.78,159.4
49,Male,4.9,,3.08,6.04,0.4,6.4,2.45,Instagram,3.4,7.9,2.23,3.53,174.7
34,Male,6,6.7,4.34,7.06,1.1,5.1,3.33,Reddit,3.5,6,3.95,5.33,78
47,Male,1,approx 6.4,2.3,9.54,2.4,7.2,0.97,YouTube,3.8,8.8,3.01,5.14,140.3
20,Male,7.7 hrs,,7.22,3.97,2.2,9.5,4.83,WhatsApp,3.4,7.5,3.39,2.98,94.2
51,Male,7.9,8,5.02,8.27,1.6,8.4,5.5,Instagram,1.5,7.5,3.52,3.36,151.4
61,Female,2,unknown,0.2,9.1,0.3,4.2,2.11,YouTube,3.7,7.2,0,3.75,17.3
20,Male,1.7,6.1,4.32,9.2,1.6,5.3,1.42,Reddit,0.5,8.8,2.76,4.4,143.4
55,Female,about 4.9,7,1.84,8.59,1.4,5.4,2.57,Reddit,1.1,7.1,3.47,4.64,161.5
56,Male,,7.9,1.86,10,1.5 hr,4.6,3.32,Reddit,1.9,7.8,3.03,5.71,39.8
64,Male,3.3,,4.13,6.37,0.4 hr,3.7,1.99,Facebook,3.8,7.1,0.39,2.4,132.9
25,Male,4.3,7.1,1.38,8.04,1.3,6.8,2.29,Twitter,3.5,8.5,2.35,5.31,80.6
64,Female,4.6,8.5,4.03,8.57,1.1,3.7,4.69,YouTube,5.9,9.8,1.81,5.19,102.4
25,Male,4.8,approx 5.3,4.06,6.31,1.2,6.5,5.05,Instagram,4.1,9.3,4.22,2.66,59.3
49,Male,6.6,approx 4.6,3.29,7.98,0.1,2.8,5.4,WhatsApp,1.7,6.8,0.56,4.79,166.9
35,Female,7.4,7.1,5.28,8.22,0,8.6,5.8,Twitter,2,13,4.33,5.56,106
20,Female,2.1,5.8,2.18,10,0.6,6,3.37,Reddit,4.7,5.8,2.09,6.14,73.1
43,Male,4,5.9,3.77,4.81,1.7,5.2,3.13,Instagram,4.1,9.4,3.06,1.56,76.3
13,Female,N/A,4.5,4.53,6.28,2.5 hr,3.2,2.84,Twitter,5.7,8.2,3.15,4.98,83
57,Female,6,6.5,6.11,6.42,1.2,7.5,3.94,Facebook,4.6,10.2,2.98,2.88,90.5
49,Male,3.4,8.6,3.77,8.75,2.5,6.7,2.35,Instagram,2.4,7.8,3.73,4.34,215.6
60,Female,0.1,8.9,0,6.28,0.7,7.3,0.57,Twitter,6.6,4.6,2.45,3.87,157.2
40,Male,0.8,approx 5.5,1.32,10,0.8,8,0,Instagram,3.2,10.1,4.27,4.98,116.5
38,Other,3,8,2.05,5.98,1.2,9.2,0.3,Instagram,5.1,8.4,5.62,5.95,140
50,Female,4.2,approx 6.4,2.18,9.54,1.9,8.2,1.19,Twitter,0,11.2,3.85,8.32,74.7
17,Male,4.4,5.6,4.59,9.29,2,6.2,6.46,YouTube,0.8,7.5,2.59,5.82,192.1
43,Female,1.4,9.8,3.19,10,1.5,7.6,0.25,Facebook,6.3,6.7,2.91,5.16,175.5
37,Female,5.8,4.4,4.7,6.53,1.6,8.6,4.63,Instagram,0.6,13,4.16,3.22,0
28,Male,2.7,8.2,0.23,8.21,1.1,6,1.89,Reddit,5.7,6.9,3.7,4.25,0
51,Male,2.7 hrs,7.3,2.52,9.1,1.6,5.2,2.52,Reddit,5.5,10.2,2.09,5.43,25.3
61,Male,N/A,10.3,2.44,8.56,0.6 hr,4.7,2.38,Snapchat,2.7,4,1.69,5.23,98.7
50,Female,4.2,7.4,0.01,10,0.7,2.2,2.96,YouTube,4,7.5,0.61,6.44,103.9
13,Female,5.2,6.7,2.47,9.71,1.6,3,0,WhatsApp,5.3,6.4,1.33,5.72,74
55,Male,5.8,6.5,6.34,7.44,2.3,8.3,3.74,Instagram,2.4,7.3,3.64,4.97,100.1
48,Male,N/A,,0,10,N/A,3.6,2.87,WhatsApp,3.5,7.9,0.48,6.57,0
26,Female,4.5,7.1,2.96,6.11,1.8,7.3,1.55,Reddit,2.1,8.3,2.97,3.43,210.2
31,Female,3.4,,2.09,9.74,0.7,7.2,3.02,WhatsApp,2.2,6.1,4.91,6.91,7.7
60,Female,5.4,7.6,4.58,6.44,0.2,3,4.31,YouTube,3.5,8.5,1.56,4.37,163.3
19,Female,N/A,6.8,4.6,7.46,2.1,7.2,3.15,Instagram,5.5,7.8,5.25,3.93,63.6
52,Male,0.6,6.4,0,10,2,1,0.72,WhatsApp,3.9,7.9,1.5,5.16,22.8
25,Female,2.6 hrs,approx 5.6,2.64,10,0.3,5.8,0,YouTube,7.8,6.7,1.79,6.32,72.5
21,Male,0,7.4,0,10,1.6,7.5,0.1,Instagram,5,7.3,3.68,5.42,87.5
23,Female,5.2,,3.35,6.59,3.3,5.7,2.78,Snapchat,2.2,7.8,2.55,3.97,178.3
53,Female,5.6,unknown,3.92,8.37,0.4 hr,3.1,2.76,Snapchat,0.1,6.5,0.6,5.36,20.6
55,Male,2,8.3,2.39,7.72,N/A,5.9,1.62,WhatsApp,1.9,5.1,2.81,4.02,2
32,Female,3.4,8.4,3.13,10,2.6 hr,6.8,0.52,WhatsApp,5.8,7.5,3.31,5.35,167.2
55,Female,2.3,7.8,0.32,5.9,2.7,6.8,2.02,Facebook,1.4,8.3,3.34,2,166.1
16,Female,7.5,6.1,3.06,9.84,2.2,6.2,5.23,YouTube,3.1,8.6,2.51,5.99,154.6
62,Male,1.8 hrs,7.4,0.61,10,1.8 hr,2,0.75,Twitter,6.7,8,0.49,5.95,156.7
42,Male,4.7,9.9,0.63,9.61,1.3,5.1,3.52,WhatsApp,2.7,9.6,3.57,3.68,56.8
54,Female,5.1,8.4,4.93,6.6,0,6.3,0.66,Twitter,1.9,10.3,3.06,4.54,17.2
30,Female,4.4,5.1,1.24,10,1.9 hr,9,2.67,Snapchat,1.1,5.2,6.43,6.15,148.5
38,Female,1.4 hrs,,1.51,9.2,1.7,5.5,0.91,Facebook,0.3,6.9,2.69,5.19,77.6
48,Male,1.8,,4.8,7.04,1.8,6.9,3.05,Reddit,6.9,8.1,3.45,4.8,79.3
56,Male,3.9,7.6,2.79,8.59,2.3,4.7,1.98,Snapchat,5.6,10.1,2.51,2.96,102.2
33,Male,0.4,5.8,2.83,9.29,0,4.6,1.54,Snapchat,0.5,4.8,3.05,5.94,107.8
15,Female,N/A,,2.69,8.38,1.2,1.8,5.47,Instagram,0,6,0.72,4.85,131.3
35,Female,3,7.1,0.42,9.82,1.5,4.8,0.48,Twitter,4.8,8.3,3.69,5.32,121.4
53,Male,5,6.1,3.43,8.9,0.1,4.2,2.94,Reddit,2.1,7.7,2.26,5.03,174.8
33,Female,0.9,approx 7.9,0,10,1.4 hr,5.7,2.77,Reddit,2.2,7.4,1.81,5.09,180.2
59,Male,5.1,approx 8.6,2.83,8.89,1.2,6.3,4.71,Instagram,1.3,7.9,2.75,4.54,73.7
57,Female,0.8,6,2.78,10,0,4.2,1.22,WhatsApp,4.9,8.4,2.37,5.75,161.1
19,Female,4,,1.13,9.54,0.0 hr,3.3,2.44,Facebook,0,9.2,1.78,6.4,153.1
14,Female,4.9,approx 7.4,2.86,8.72,0.7,7.2,2.68,Instagram,0,8.9,3.62,4.71,97.5
13,Female,about 4.4,approx 6.1,4.1,6.07,0.5,6.9,4.05,Instagram,4.7,8.5,2.82,3.08,216.4
14,Male,3.3 hrs,5.7,1.9,9.11,2.1,4,3.12,WhatsApp,4.2,7.6,2.57,6.86,84.6
26,Female,6.1,6.9,1.13,9.49,1.7,2.8,3.71,Reddit,2.7,8.4,2.54,7.38,117.7
31,Female,about 3.5,approx 8.4,3.66,7.65,2.9,4.5,0.95,Instagram,0,7.8,2.87,3.21,54.5
39,Female,5.2,8.3,5.29,9.85,N/A,8.3,3.04,Instagram,1.1,9.4,4.7,6.58,186.6
40,Male,3.8,6.6,3.21,10,1.1,3.6,1.66,Reddit,2.7,8.6,1.61,4.9,166.1
26,Female,1.8 hrs,5.1,0,10,1.8,3.5,0,Snapchat,1.7,9.7,0.41,6.56,34.6
24,Male,3.1,7.4,2.76,5.19,1.1,9.2,2.77,WhatsApp,3.5,7.8,5.23,1.19,208.4
58,Female,5.4,5.9,4.9,8.42,1.3,7.4,4.04,WhatsApp,4,8,3.91,4.6,73.3
38,Female,4.1,6.9,1.52,9.07,2.4,7.5,1.76,Instagram,1.7,9.5,3.6,4.87,123
53,Male,3,5.9,2.6,9.15,1.3,4.3,4.66,Reddit,2.4,6.1,0.07,5.36,44.4
53,Male,3.8,unknown,2.9,8.47,1.8,5.7,1.27,YouTube,5.2,8.8,2.85,4.36,101
27,Female,0.4,7.2,0,9.63,2.0 hr,6,1.78,Instagram,0,9.2,2.38,5.82,165.2
24,Male,,7.9,1.39,8.22,2.0 hr,6.1,1.4,Facebook,9.1,4.2,3.13,5.73,66.5
56,Female,0,5.9,0,9.15,1.2,7.8,0,WhatsApp,3.7,5.8,3.1,5.63,66.5
31,Male,4.2,unknown,0.55,9.52,2.2,2.4,2.58,Twitter,0.4,6.6,2.1,3.39,142.3
16,Other,0.7,8.5,0.11,7.75,1,7,0,Facebook,5.2,10.2,3.43,4.72,138
29,Female,3.6,7.8,4.25,6.38,0.2,4.1,1.66,Snapchat,4.5,9.4,2.95,4.54,107
64,Female,6,4.8,1.1,10,2.2,2.1,3.63,Snapchat,0.3,10.4,1.19,4.83,0
50,Male,2.2,6.6,5.52,7.01,0.6,6.6,1.94,YouTube,7.7,9.4,3.67,3.18,222.6
17,Male,3.8,5.9,2.96,7.64,N/A,6.1,3.15,WhatsApp,3.5,8.6,3.34,3.91,109.9
62,Female,3.8,7.4,3.24,8.4,1.8 hr,3.7,4.47,Facebook,4,6.9,1.24,4.16,142.8
13,Male,6,approx 6.4,3.57,7.8,1,3,5.04,Instagram,3.8,4.7,2.19,5.58,64.9
38,Female,N/A,7.7,1.51,6.55,0.1,9.3,3.14,YouTube,3,7,6.39,3.78,112.3
34,Female,5.3 hrs,,2.2,10,1.7,3.1,3.24,Twitter,4.3,6.8,0.77,4.92,182.4
39,Male,2.9,6.7,1.7,8.67,1.5,5.4,1.63,Snapchat,0.2,8.6,2.69,5.04,204.9
41,Male,4.5,approx 6.2,0.22,9.3,0,4.6,5.21,YouTube,2.6,5.2,1.21,5.91,163.2
35,Male,2.3,7.8,0.38,10,1.6,5.2,1.67,Reddit,3.8,8.5,4.1,6.11,68.5
27,Other,6.1,5.6,4.35,9.7,1.1,4.1,5.43,Instagram,3.8,7.9,3.25,6.79,120.5
